Episode,Date,Artist(s),Live,EMOTY,MixesDB,Event/Venue/Location,Notes
1,1993-10-30,Pete Tong,,,https://www.mixesdb.com/w/1993-10-30_-_Pete_Tong_-_Essential_Mix,Studio Session,
2,1993-11-06,Paul Oakenfold,,,,Studio Session,
3,1993-11-13,Andrew Weatherall,,,,Studio Session,
4,1993-11-20,Danny Rampling,,,,Studio Session,
5,1993-11-27,Junior Boys Own (Terry Farley & Pete Heller),,,https://www.mixesdb.com/w/1993-11-27_-_Junior_Boy%27s_Own_-_Essential_Mix,Studio Session,
6,1993-12-04,The Future Sound of London,,,,Studio Session,
7,1993-12-11,Pete Tong,,,,Studio Session,
8,1993-12-18,David Holmes,,,,Studio Session,
9,1993-12-25,Pete Tong & Dave Dorrell,,,,Studio Session,
10,1994-01-01,Brothers in Rhythm,,,https://www.mixesdb.com/w/1993-12-31_-_Brothers_In_Rhythm_-_Essential_Mix,,New Year Mix
11,1994-01-01,Snap!,,,,,
12,1994-01-08,Andy Carroll & Paul Bleasdale,,,,,
13,1994-01-15,Sasha,,,,Studio Session,
14,1994-01-22,Junior Vasquez,,,,,
15,1994-01-29,Graeme Park,,,,,
16,1994-02-05,Justin Robertson,,,,,
17,1994-02-12,Pete Tong,,,,,
18,1994-02-19,CJ Mackintosh,,,,,
19,1994-02-26,Ralph Lawson & Lisa Loud,,,,,
20,1994-03-05,John Digweed,,,,,
21,1994-03-12,"DJ Pierre, Clock, DJ Professor, R.A.F.",,,,,
22,1994-03-19,Paul Oakenfold,,,,,
23,1994-03-26,Brothers in Rhythm (Dave Seaman & Steve Anderson),,,,,
24,1994-04-02,Pete Tong,,,,,
25,1994-04-09,Alistair Whitehead,,,,,
26,1994-04-16,"X-Press 2 (Rocky, Diesel & Ashley Beedle)",,,,,
27,1994-04-23,Sure is Pure (Kelvin Andrews),,,,,
28,1994-04-30,Slam,,,,,
29,1994-05-07,Al McKenzie,,,,,
30,1994-05-14,The Future Sound Of London,,,,,
31,1994-05-21,Judge Jules & Dave Lambert,,,,,
32,1994-05-28,Billy Nasty,,,,,
33,1994-06-04,Jeremy Healy,,,,,
34,1994-06-11,Dave Clarke,,,,,
35,1994-06-18,Danny D,,,,,
36,1994-06-25,Laurent Garnier,,,,Studio Session,
37,1994-07-02,Junior Boys Own (Terry Farley & Pete Heller),,,,,
38,1994-07-09,Darren Emerson,,,,,
39,1994-07-16,Jon Pleased Wimmin,,,,,
40,1994-07-23,Moby,,,,,
41,1994-07-30,Patrick Smoove,,,,,
42,1994-08-06,Leftfield,,,,,
43,1994-08-13,Trannies With Attitude,,,,,
44,1994-08-27,Norman Jay,,,,,
45,1994-09-04,Laurent Garnier,,,,Studio Session,
46,1994-09-11,DJ Dmitry from Deee-Lite,,,,,
47,1994-09-18,"Colin Patterson, Hooligan X, Simon Gibb, Tino Lugano",,,,,
48,1994-09-25,Judge Jules,,,,,
49,1994-10-02,Danny Rampling,,,,,
50,1994-10-09,Carl Cox,,,,,
51,1994-10-16,Danny Tenaglia,,,,,
52,1994-10-23,Pete Tong,,,,,
53,1994-10-30,Chris & James,,,,,
54,1994-11-06,CJ Bolland,,,,,
55,1994-11-13,Dave Clarke,,,,,
56,1994-11-20,Dave Angel,,,,,
57,1994-11-27,CJ Mackintosh,,,,,
58,1994-12-04,David Morales,,,,,
59,1994-12-11,Massive Attack,,,,,
60,1994-12-18,Paul Oakenfold,,,,,"""The Goa Mix"""
61,1995-01-08,Tony De Vit,,1995,,,
62,1995-01-15,DJ Ron,,,,,First drum & bass essential mix
63,1995-01-22,Joe T Vanelli,,,,,
64,1995-01-29,Dave Clarke,,,,,
65,1995-02-05,E-Smoove,,,,,
66,1995-02-12,"Gilles Peterson DJ Krush, and UFO",,,,,
67,1995-02-19,Evil Eddie Richards,,,,,
68,1995-02-26,Tall Paul,,,,,
69,1995-03-05,The Chemical Brothers,,,,,
70,1995-03-12,Lisa Loud,,,,,
71,1995-03-19,Erick Morillo,,,,,
72,1995-03-26,"Pete Tong, Paul Bleasdale, Shiva",Live,,,"Cream, Nation Nightclub, Liverpool, England",
73,1995-04-02,Justin Robertson,,,,,
74,1995-04-09,DJ Dimitri Kneppers from Amsterdam,,,,,
75,1995-04-16,MK,,,,,
76,1995-04-23,Portishead,,,,,
77,1995-04-30,Gordon Kaye,,,,,
78,1995-05-07,Snap!,,,,,
79,1995-05-14,Pete Tong,Live,,,"Ministry of Sound, London, England",
80,1995-05-21,Sasha (DJ),,,,,
81,1995-05-28,"Paul Oakenfold, Danny Rampling, Pete Tong, Sasha, Shiva, Billy Ray Martin, Gerideau",,,,"Que Club, Birmingham, England",
82,1995-06-04,Future Sound Of London,,,,,
83,1995-06-11,Eric Powell,,,,,
84,1995-06-18,David Holmes,,,,,
85,1995-06-25,Danny Rampling,Live,,,"Glastonbury FestivalSomerset, England",
86,1995-07-02,Nicky Holloway,,,,"Manumission, Ku Club, Ibiza, Spain","First Manumission EM after it relocated to Ibiza from Manchester, England"
87,1995-07-09,Pete Heller & Terry Farley,,,,,
88,1995-07-16,LTJ Bukem & MC Conrad,,,,,
89,1995-07-23,Roger Sanchez,,,,,
90,1995-07-30,Luvdup,,,,,
91,1995-08-06,Judge Jules,,,,,
92,1995-08-13,Pete Tong,,,,"Manumission, Ku Club, Ibiza, Spain",
93,1995-08-20,Nick Warren,,,,,
94,1995-08-27,Norman Jay,,,,,
95,1995-09-03,John Digweed,,,,,
96,1995-09-10,Jose Padilla,,,,"Café Mambo, Ibiza, Spain",
97,1995-09-17,Paul Oakenfold,,,,"Manumission, Ku Club, Ibiza, Spain",Final EM at Ku Club before it changed to Privilege Ibiza
98,1995-09-24,BT,,,,,
99,1995-10-01,Carl Craig,,,,,
100,1995-10-07,A Guy Called Gerald,,,,,
101,1995-10-14,Danny Rampling & Pete Tong,Live,,,"Cream, Nation Nightclub, Liverpool, England",
102,1995-10-21,DJ Camacho,,,,,
103,1995-10-28,"John Digweed, Pete Tong & Paul Bleasdale",Live,,,Tall Trees,
104,1995-11-04,Sasha,Live,,,"Que Club, Birmingham, England",
105,1995-11-11,David Morales,,,,,
106,1995-11-18,Laurent Garnier,,,,,
107,1995-11-25,Pete Tong & Sasha,Live,,,"The Arches, Glasgow, Scotland",
108,1995-12-02,Jeremy Healy,,,,,
109,1995-12-09,"Grace, Tall Paul & Pete Tong",Live,,,"Cream, Nation Nightclub, Liverpool, England",
110,1995-12-17,John Kelly,,,,,
111,1995-12-23,Danny Rampling & Pete Tong,Live,,,The Empire,
112,1995-12-31,Judge Jules,,,,,
113,1996-01-01,DJ Tinman,,,,,
114,1996-01-07,Tall Paul,,,,,
115,1996-01-14,Dave Seaman,,,,,
116,1996-01-21,Armand Van Helden,,,,,
117,1996-01-28,Pete Tong & Boy George & Paul Bleasdale,Live,,,"Que Club, Birmingham, England",
118,1996-02-04,Darren Emerson & Underworld,,,,,
119,1996-02-11,Stacey Pullen,,,,,
120,1996-02-18,Gusto,,,,,
121,1996-02-25,Pete Tong & Ralph Lawson,,,,,
122,1996-03-03,Joey Negro,,,,,
123,1996-03-10,Pete Wardman,,,,,
124,1996-03-17,Billy Nasty,,,,,
125,1996-03-24,LTJ Bukem & MC Conrad,,,,,
126,1996-03-31,Pete Bromley & Pete Tong,,,,,
127,1996-04-07,Angel Moraes,,,,,
128,1996-04-14,Pete Tong & TWA,Live,,,"Vague, The Warehouse, Leeds, England",
129,1996-04-21,Daniel Davoli,,,,,
130,1996-04-28,Goldie,,,,,
131,1996-05-12,Tim Lennox,,,,,
132,1996-05-19,Carl Cox,,,,"Colours, Edinburgh",
133,1996-05-26,Norman Cook,,,,,
134,1996-06-02,Snap!,,,,,
135,1996-06-09,Slam,,,,,
136,1996-06-16,Erick Morillo,,,,,
137,1996-06-23,Dave Seaman & Steve Anderson,,,,,
138,1996-06-30,Sasha & Pete Tong,Live,,,"Sanctuary, Milton Keynes, England",
139,1996-07-07,Johnny Vicious,,,,,
140,1996-07-14,Stretch N' Vern,,,,,
141,1996-07-21,Pete Tong & Blue Amazon & John Digweed & Shiva,,,,"The Phoenix Festival, Long Marston Airfield, Warwickshire, England",
142,1996-07-28,Danny Rampling & Sasha & Pete Tong,,,,"Amnesia, Ibiza, Spain",
143,1996-08-04,Richard Fearless & Jon Carter,,,,,
144,1996-08-11,Jools & Lee Fisher,,,,,
145,1996-08-18,Norman Jay,,,,,
146,1996-08-25,LTJ Bukem & Pete Tong,,,,"Cream, Nation Nightclub, Liverpool, England",
147,1996-09-01,Derrick Carter,,,,,
148,1996-09-08,Paul 'Trouble' Anderson,,,,,
149,1996-09-15,Howie B,,,,,
150,1996-09-22,Alfredo & DJ Griff,,,,"Privilege Ibiza, Ibiza, Spain",
151,1996-09-29,Claudio Coccoluto & Mark Keys & Pete Tong,,,,Sonic EssenceNottingham,
152,1996-10-06,Judge Jules,,,,,
153,1996-10-13,Paul Oakenfold,,,,,
154,1996-10-20,The Play Boys / Tim Jeffries,,,,,
155,1996-10-27,Andrew Weatherall,,1996,,,
156,1996-11-03,Carl Cox,Live,,,"Que Club, Birmingham, England",
157,1996-11-10,Steve Bridger,,,,,
158,1996-11-17,Nicky Holloway & Pete Tong,,,,"Mars, London, England",
159,1996-11-24,Smith and Mighty,,,,,
160,1996-12-01,Nick Warren & Pete Tong,,,,"Scream, The Warehouse, Plymouth, England",
161,1996-12-08,Graeme Park,,,,,
162,1996-12-15,The Psychonauts,,,,,
163,1996-12-29,Rhythm Masters,,,,,
164,1996-12-31,Jose Padilla & Carl Cox & James Barton & Pete Tong,,,,"Cream, Nation Nightclub, Liverpool, England",
165,1997-01-05,Derek Dahlarge & The Wiseguys,,,,,
166,1997-01-12,Doc Martin,,,,,
167,1997-01-19,Alex P & Brandon Block,,,,,
168,1997-01-26,Grooverider,,,,,
169,1997-02-02,Marshall Jefferson,,,,,
170,1997-02-09,Scott Hardkiss,,,,,
171,1997-02-16,Masters at Work (Little Louie Vega & Kenny 'Dope' Gonzalez),,,,,
172,1997-02-23,Nick Warren,,,,,
173,1997-03-02,Daft Punk,,,,,
174,1997-03-09,Ashley Beedle,,,,,
175,1997-03-15,Pete Tong & Seb Fontaine,,,,"Ministry of Sound, London, England",
176,1997-03-16,DJ Sneak,,,,,
177,1997-03-23,Ralph Falcon & Oscar G,,,,,
178,1997-03-30,Matthew Roberts,,,,,
179,1997-04-06,Sven Väth,,,,,
180,1997-04-13,Mrs Woods,,,,,
181,1997-04-20,Paul van Dyk,,,,,
182,1997-04-27,Alistair Whitehead & Pete Tong,,,"https://www.mixesdb.com/w/1997-04-27_-_Pete_Tong,_Allister_Whitehead_@_Southport_Dance_Weekender_-_Essential_Mix",The Southport Dance Music Weekender,
183,1997-05-04,Jonny L,,,,,
184,1997-05-05,Junior Vasquez,,,,"Ministry of Sound, London, England",
185,1997-05-11,Fathers Of Sound,,,,,
186,1997-05-18,Dave Clarke,,,,,
187,1997-05-25,Way Out West & Paul Oakenfold & Pete Tong & Kraftwerk & DJ Sneak & Justin Robertson & The Sneaker Pimps,,,,Tribal Gathering,
188,1997-06-01,Force & Styles,,,,,
189,1997-06-08,Tasha Killer Pussies,,,,,
190,1997-06-15,David Holmes,,1997,,,
191,1997-06-22,Roni Size,,,,,
192,1997-06-28,Armand Van Helden & The Chemical Brothers & Danny Rampling & The Prodigy,,,,"Glastonbury FestivalSomerset, England",
193,1997-07-06,Paul Oakenfold & Pete Tong & Boy George,,,,Hong Kong Hand Over Party,
194,1997-07-12,Dimitri from Paris,,,,,
195,1997-07-20,Seb Fontaine & Bentley Rhythm Ace & Orbital & Pete Tong,,,,"The Phoenix Festival, Long Marston Airfield, Warwickshire, England",
196,1997-07-27,Jose Padilla,,,,,
197,1997-08-03,Timmy S,,,,,
198,1997-08-10,Tall Paul & Pete Tong & Danny Rampling & Pete Tong,,,,"Amnesia, Ibiza, Spain",
199,1997-08-17,Judge Jules,,,,,
200,1997-08-24,Norman Jay,,,,,
201,1997-08-31,Felix Da Housecat,,,,,
202,1997-09-14,Pete Tong & Lisa Loud,,,,"The Escape Club, Swansea, Wales",
203,1997-09-21,BT,,,,,
204,1997-09-28,Pete Tong & Colin Hamilton,,,,"Lush! at Kelly's, Portrush, Northern Ireland",
205,1997-10-05,Adam Freeland,,,,,
206,1997-10-12,Claudio Coccoluto & Pete Tong,,,,"Goa Club, Rome, Italy",
207,1997-10-19,Paul Oakenfold,,,,,
208,1997-10-26,"Carl ""Tuff Enuff"" Brown & Matt ""Jam"" Lamont",,,,,
209,1997-11-02,Paul Van Dyk & Pete Tong,,,,"Oxford Sound City, Oxford Ice Rink, Oxford, England",
210,1997-11-09,Carl Cox & Pete Tong,,,,"Slinky, Bournemouth International Centre, Bournemouth, England",
211,1997-11-16,Basement Jaxx,,,,,
212,1997-11-23,Justin Robertson,,,,,
213,1997-11-30,Paul Oakenfold & Nick Warren,,,,"Cream, Nation Nightclub, Liverpool, England",
214,1997-12-07,Blu Peter,,,,,
215,1997-12-14,Pete Tong & Seb Fontaine,,,,"Gatecrasher, Republic, Sheffield, England",
216,1997-12-21,Gilles Peterson,,,,,
217,1997-12-25,Dreem Teem,,,,,
218,1997-12-28,Photek,,,,,
219,1998-01-01,"Todd Terry, Pete Tong & Eddie Baez",Live,,,"Various, Various, Various",
220,1998-01-01,Carl Cox,,,,,"""Review of 1997"" - not sure this actually exists?"
221,1998-01-04,Phil Perry,,,,,
222,1998-01-11,Danny Howells,,,,,
223,1998-01-18,Carl Cox,Live,,,"Johannesberg, South Africa",
224,1998-01-25,Seb Fontaine,,,,,
225,1998-02-01,Freddy Fresh,,,,,
226,1998-02-08,Freestylers,,,,,
227,1998-02-15,Ian Pooley,,,,,
228,1998-02-22,Carl Cox,Live,,,"Royal Exhibition Building, Melbourne, Austrailia",
229,1998-03-01,DJ Paulette,,,,,
230,1998-03-08,Air part 1,,,,,
231,1998-03-15,Air part 2,,,,,
232,1998-03-22,Pete Tong,,,,"The Tunnel, Glasgow, Scotland",
233,1998-04-05,Terry Francis,,,,,
234,1998-04-12,John Digweed & Judge Jules,Live,,,"Slinky, Bournemouth International Centre, Bournemouth, England",
235,1998-04-19,Carl Cox,Live,,,"St Petersburg, Russia",
236,1998-04-26,Craig & Huggy Burger Queen,,,,,
237,1998-05-02,"Paul Oakenfold, Sasha & Pete Tong",,,,"Creamfields, Winchester, Hampshire, England",
238,1998-05-10,Ashley Beedle,,,,,
239,1998-05-17,Carl Cox,Live,,,"Club Astra, Amsterdam, Netherlands",
240,1998-05-24,Scott Bond,,,,,
241,1998-05-31,DJ Harvey,,,,,
242,1998-06-07,Jeff Mills,,,,,
243,1998-06-14,Carl Cox,,,,"Cocorico, Rimini, Italy",
244,1998-06-21,Judge Jules & Pete Tong,,,,,
245,1998-06-28,Darren Emerson & Billy Nasty,Live,,,"Glastonbury FestivalSomerset, England",
246,1998-07-12,Deep Dish,,,,,
247,1998-07-19,Carl Cox,,,,"Berlin Love ParadeBerlin, Germany",
248,1998-07-26,Man With No Name,,,,,
249,1998-08-02,"Judge Jules & Pete Tong, Danny Rampling",,,,"Manumission, Privilege Ibiza, Ibiza, Spain",
250,1998-08-09,Carl Cox,,1998,,"Space, Ibiza, Spain","First Radio 1 Ibiza Weekend and first time Space moved turntables from behind bar - Eddie Gordon claims the set was Aug 28, though?"
251,1998-08-16,Full Intention,,,,,
252,1998-08-23,DJ Dan,,,,,
253,1998-08-30,Pete Tong & Jon Carter,,,,Mixmag & Slinky PartyBrighton,
254,1998-09-06,187 Lockdown,,,,,
255,1998-09-13,DJ Rap,,,,,
256,1998-09-20,Carl Cox,,,,France Love Parade,
257,1998-09-27,Pete Tong & DJ Sonique,,,,Q Club,
258,1998-10-04,DJ Lottie,,,,,
259,1998-10-11,Paul Oakenfold & Pete Tong,Live,,,"Cream, Nation Nightclub, Liverpool, England",Cream's 6th Birthday Party
260,1998-10-18,Carl Cox,Live,,,"Zouk, Clarke Quay, Singapore",
261,1998-10-25,"Danny Rampling, Pete Tong & Judge Jules",Live,,,Sound City '98Newcastle,
262,1998-11-01,Bob Sinclar,,,,,
263,1998-11-08,Dope Smugglaz,,,,,
264,1998-11-15,David Holmes,,,,,
265,1998-11-22,Carl Cox,,,,"Mexico City, Mexico",
266,1998-11-29,Pete Tong & Carl Cox,,,,"Royal Highland Exhibition Hall, Edinburgh, Scotland",
267,1998-12-06,Norman Cook,,,,,
268,1998-12-13,Ricky Morrison & Fram Sidoli,,,,,
269,1998-12-20,Carl Cox,Live,,,"Club Colissium, St Austell, Cornwall",
270,1998-12-27,Steve Lawler,,,,,
271,1999-01-01,"Sasha, Dope Smugglaz, Pete Tong & Judge Jules",,,,"Various, Various, Various",
272,1999-01-03,Scott Bond,,,,,
273,1999-01-10,Pete Heller & Terry Farley,,,,,
274,1999-01-17,Paul Oakenfold,,,,"Home, Sydney, Australia",
275,1999-01-24,Carl Cox,,,,"Twilo, New York, New York",
276,1999-01-31,Cassius,,,,,
277,1999-02-07,Ed Rush & Optical,,,,,
278,1999-02-14,Sasha & Darren Emerson,Live,,,Ireland,
279,1999-02-21,Paul Oakenfold,,,,"Joni's, Havana, Cuba",
280,1999-02-28,Carl Cox & Jim Masters,,,,"Ultimate Bass 3rd Birthday, Velvet Underground, London, England",
281,1999-03-07,Mark Lewis,,,,,
282,1999-03-14,Ralph Falcon & Oscar G Murk,,,,,
283,1999-03-21,Dave Angel,,,,,
284,1999-03-28,Paul Oakenfold,,,,"Shadow Lounge, Miami, Florida",
285,1999-04-04,Pete Tong & Paul Van Dyk,,,,"The Gallery at Turnmills, London, England",
286,1999-04-11,Carl Cox,Live,,,"Renaissance 7th Birthday, Stoke",
287,1999-04-18,Todd Terry,,,,,
288,1999-04-25,Paul Oakenfold,,,,"Buenos Aires, Argentina",
289,1999-05-02,Basement Jaxx,,1999,,,
290,1999-05-09,Tall Paul,,,,,
291,1999-05-16,John Digweed,,,,"Twilo, New York, New York",
292,1999-05-30,"Paul Oakenfold, Pete Tong & Sasha",Live,,,Homelands,
293,1999-06-06,Carl Cox,Live,,,Johannesburg & Cape Town,
294,1999-06-13,Erick Morillo,,,,,
295,1999-06-20,"Judge Jules, Paul Oakenfold & Pete Tong",,,,"Gatecrasher at Lotherton Hall, Leeds",
296,1999-06-27,Carl Cox,,,,"Phuture 2000 Arena, Gatecrasher at Lotherton Hall, Leeds",
297,1999-07-04,The Sharp Boys,,,,,
298,1999-07-11,Darren Emerson,,,,,
299,1999-07-18,Sven Väth & Carl Cox,,,,"Berlin Love ParadeBerlin, Germany",
300,1999-07-25,Paul Oakenfold,Live,,,"Space, Ibiza, Spain",
301,1999-08-01,Seb Fontaine,,,,,
302,1999-08-08,"Judge Jules, Pete Tong & Danny Rampling",,,,"Pacha, Ibiza, Spain",
303.1,1999-08-15,Carl Cox,,,,"Space, Ibiza, Spain",
304.2,1999-08-22,Carl Cox,,,,"Space, Ibiza, Spain",
305,1999-08-29,"Paul Oakenfold, Seb Fontaine & Pete Tong",,,,"Creamfields, Old Liverpool Airfield, Liverpool, England",
306,1999-09-05,Frankie Knuckles,,,,"Basics, Leeds",
307,1999-09-12,Carl Cox,,,,"The Metro, Chicago, Illinois",
308,1999-09-19,Layo & Bushwacka,,,,,
309,1999-09-26,Paul Oakenfold,Live,,,"Rojam, Shanghai, China",
310,1999-10-03,Nick Warren,,,,,
311,1999-10-10,Carl Cox,,,,Malta Street Parade,
312,1999-10-24,Seb Fontaine & Pete Tong,,,,"Cream, Nation Nightclub, Liverpool, England",
313,1999-10-31,Paul Oakenfold,,,,"Home, London, England",
314,1999-11-07,Judge Jules,,,,"Sundissential 3rd Birthday, Pulse, Birmingham, England",
315,1999-11-14,Carl Cox,,,,"The End, London",
316,1999-11-21,Norman Jay,,,,,
317,1999-11-28,Paul Oakenfold,,,,"University of Liverpool, Liverpool, England",
318,1999-12-05,Judge Jules,,,,,
319,1999-12-12,DJ Dan,,,,,
320,1999-12-19,Jim Masters,,,,,
321,1999-12-26,DJ Harvey,,,,,
322.1,1999-12-31,"Paul Oakenfold, Junior Vasquez, Judge Jules, Fatboy Slim, Pete Tong, Dave Pearce, Colin Hamilton, Danny Rampling & Sasha, Carl Cox, Sasha, Danny Rampling, Colin Hamilton, Dave Pearce",,,,"Various, Various, Various",
322.2,2000-01-01,"Pete Tong, Fat Boy Slim, Junior Vasquez, Judge Jules & Paul Oakenfold",Live,,,"Various, Various, Various",Millenium Mix
323,2000-01-02,Mr C,,,,,
324,2000-01-09,Scott Bond,,,,,
325,2000-01-16,Dave Clarke,,2000,,,
326,2000-01-23,Guy Ornadel,,,,,
327,2000-01-30,Laurent Garnier,,,,,
328,2000-02-06,William Orbit,,,,,
329,2000-02-13,Paul Oakenfold,,,,,
330,2000-02-20,Carl Cox,,,,,
331,2000-02-27,Sasha,,,,,
332,2000-03-05,Pete Tong & Carl Cox,,,,Golden's 8th Birthday at The Void,
333,2000-03-12,MJ Cole,,,,,
334,2000-03-19,Trevor Rockliffe,,,,,
335,2000-03-26,DJ Sneak,,,,"Miami, Florida",
336,2000-04-02,Nicky Holloway & Jazzy M,,,,"Pontins, Cambersands",
337,2000-04-09,Parks & Wilson,,,,,
338,2000-04-16,Leftfield,,,,,
339,2000-04-23,Paul Van Dyk,,,,"London, England",
340,2000-04-30,Roger Sanchez,,,,,
341,2000-05-07,Judge Jules,,,,"Godskitchen Meets SlinkyMilton Keynes, England",
342,2000-05-14,Stewart Rowe,,,,,
343,2000-05-21,Paul Oakenfold,,,,,
344,2000-05-27,"Sasha & Digweed, Armand Van Helden, BT, Paul van Dyk, P Tong, D Pearce, Groove Armada, J Jules, Leftfield & Seb Fontaine",,,,Homelands,
345,2000-06-04,Rocky,,,,,
346,2000-06-11,Cut and Paste,,,,,
347,2000-06-18,"Seb Fontaine, Sasha & Judge Jules",,,,"Gatecrasher Summer Sound SystemSheffield, England",
348,2000-06-25,"Artful Dodger, Justin Robertson, Fatboy Slim & Bentley Rhythm Ace",,,,"Glastonbury FestivalSomerset, England",
349,2000-07-02,The Sharp Boys & Alan Thompson,,,,Mardi Gras Trade Tent in London,
350.01,2000-07-09,"Pete Tong, Timo Maas, David Morales, DJ Hell, Westbam, Paul van Dyk, Seb Fontaine, Erick Morillo, Darren Emerson",,,,Love Parade in Leeds,
350.02,2000-07-09,"Pete Tong, Timo Maas, David Morales, DJ Hell, Westbam, Paul van Dyk, Seb Fontaine, Erick Morillo, Darren Emerson",,,,"Berlin Love ParadeBerlin, Germany",
351,2000-07-16,Steve Lawler,,,,,
352,2000-07-23,Dreem Teem,,,,"Panazz, Ayia Napa",
353,2000-07-30,Luke Neville,,,,,
354,2000-08-06,"Norman Cook, Danny Rampling & Seb Fontaine",Live,,,"Ibiza, Spain",
355,2000-08-13,Pete Tong & Carl Cox,,,,"Space Terrance, Space, Ibiza, Spain",
356,2000-08-20,Norman Jay,,,,,
357,2000-08-27,"Pete Tong, Seb Fontaine & Paul Oakenfold",,,,"Creamfields, Old Liverpool Airfield, Liverpool, England",
358,2000-09-03,Danny Rampling,,,,"Angels Of Love, Italy",
359,2000-09-10,Josh Wink,,,,,
360,2000-09-17,Frankie Knuckles,,,,"Pacha, Ibiza, Spain",
361,2000-09-24,David Holmes,,,,,
362,2000-10-01,Lisa Lashes,,,,,
363,2000-10-08,Chris Fortier & Pete Tong,,,,"Giant, Los Angeles, California",
364,2000-10-15,Rhythm Masters,,,,,
365,2000-10-22,Pete Tong & Timo Maas,,,,"Cardiff Ice Rink, Cardiff, Wales",
366,2000-11-05,Christian Smith,,,,,
367,2000-11-12,Craig Richards & Lee Burridge,,,,,
368,2000-11-19,Slam,,,,Bugged Out Weekender,
369,2000-11-26,John '00' Fleming,,,,,
370,2000-12-03,Mauro Picotto,,,,,
371,2000-12-10,Pete Tong & Alex Anderson,,,,"Colours, Glasgow",
372,2000-12-17,Paul Van Dyk,,,,"New Casino, Berlin",
373,2000-12-24,"Erick Morillo & Harry ""Choo Choo"" Romero",,,,,Best of 2000 Special (Part 1)
374,2000-12-31,Seb Fontaine,,,,,Best of 2000 Special (Part 2)
375.1,2000-12-31,"Judge Jules, Seb Fontaine, Trevor Nelson, David Morales & Dave Pearce",Live,,,"Various, Various, Various",
375.2,2001-01-01,"Dreem Teem, Paul Oakenfold, Jon Carter & Timo Maas",Live,,,"Various, Various, Various",
376,2001-01-07,Sasha & Pete Tong,Live,,,"Bondi Beach, Sydney, Australia",
377,2001-01-14,Fergie,,,,,
378,2001-01-21,Paul Jackson,,,,,
379,2001-01-28,"X-Press 2 (Rocky, Diesel and Ashley Beedle)",,,,,
380,2001-02-04,Jan Driver,,,,,
381,2001-02-11,Doc Martin,,,,,
382,2001-02-18,Scott Bond,,,,,
383,2001-02-25,Steve Lawler,,,,"Passion, Coalville",
384,2001-03-04,Lucien Foort,,,,,
385,2001-03-11,Billy Nasty,,,,,
386,2001-03-18,Pete Tong & Dave Seaman,,,,"Lush! At Kelly's, Portrush, Northern Ireland",
387,2001-03-25,Anne Savage,,,,,
388,2001-04-01,Carl Cox,,,,"Winter Music Conference (WMC)Miami, Florida",
389,2001-04-08,Derrick Carter & Pete Tong,,,,"Red Number 5, Chicago, Illinois",
390,2001-04-15,Josh Wink & Dave Clarke,,,,"Turnmills, London, England",
391,2001-04-22,Richie Hawtin,,,,"Sankey's Soap, Manchester, England",
392,2001-04-29,Agnelli & Nelson,,,,"Fusion, Derry, Northern Ireland",
393,2001-05-06,Fergie,,,,Godskitchen,
394,2001-05-13,Tom Middleton,,,,,
395,2001-05-20,Timo Maas,,,,"Planet Love, Belfast, Northern Ireland",
396,2001-05-27,"John Digweed, Layo & Bushwacka & Pete Tong",,,,Homelands,
397,2001-06-03,Slam,,,,,
398,2001-06-10,Sander Kleinenberg,,2001,,,
399,2001-06-17,Paul Van Dyk & Judge Jules,,,,"Gatecrasher Summer Sound SystemOxfordshire, England",
400,2001-06-24,DJ Pippi,,,,,
401,2001-07-01,Frankie Knuckles,,,,"Turnmills, London, England",
402,2001-07-08,Carl Cox,,,,,
403,2001-07-15,King Unique,,,,,
404,2001-07-22,"Daren Emmerson, Sasha. Seb Fontaine, Yousef, Layo, John Digweed, Danny Rampling, Pete Tong",,,,"The Love Weekender, Telewest Arena, Newcastle, England",
405,2001-07-29,Fergie,,,,,
406,2001-08-05,"Darren Emerson, Pete Tong & Seb Fontaine",,,,"Privilege Ibiza, Ibiza, Spain",
407,2001-08-12,Pete Tong,,,,"Space Terrace, Space, Ibiza, Spain",
408,2001-08-19,Oliver Lieb,,,,,
409,2001-08-26,"Seb Fontaine, Carl Cox & Futureshock",,,,"Creamfields, Old Liverpool Airfield, Liverpool, England",
410,2001-09-02,Craig Morrison & Silicone Soul,,,,,
411,2001-09-09,DJ Tiësto,,,,,
412,2001-09-16,Victor Calderone,,,,"Tribal Sessions, Sankey's Soap, Manchester, England",
413,2001-09-23,Basement Jaxx,,,,,
414,2001-09-30,Nick Warren,,,,,
415,2001-10-07,Danny Rampling & Benji Candelario,,,,"London Calling, Turnmills, London, England",
416,2001-10-21,Tom Stephan,,,,,
417,2001-10-28,Paul Oakenfold & Fergie,,,,"ONE, Birmingham",
418,2001-11-04,Ricky Montanari,,,,,
419,2001-11-11,"John ""00"" Fleming",,,,,
420,2001-11-18,James Holroyd,,,,,
421,2001-11-25,Jason Bye,,,,,
422,2001-12-02,Richard Dorfmeister,,,,,
423,2001-12-09,Stanton Warriors,,,,,
424,2001-12-16,Jo Mills,,,,,
425,2001-12-23,Cass & Slide,,,,,
426,2001-12-30,Judge Jules,,,,,Retrospective
427,2002-01-06,Unkle Sounds,,,,,"Originally sent as a 3 CD promo to Japanese radio, labelled 'Do Androids Dream of Electric Beats?'. Pete & Team enjoyed so much they asked James Lavelle & Richard File to exclusively remix it, this became the Essential Mix."
428,2002-01-13,H Foundation,,,,,
429,2002-01-20,James Holden,,,,,
430,2002-01-27,Misstress Barbara,,,,,
431,2002-02-03,Jori Hulkkonen,,,,,
432,2002-02-10,Yousef,,,,,
433,2002-02-17,Matt Hardwick,,,,,
434,2002-02-24,Parks & Wilson,,,,,
435,2002-03-03,Gordon Kaye,,,,,
436,2002-03-07,"Craig Richards, Slam, X-Press 2",,,,"World DJ Day, Fabric, London, England",
437,2002-03-10,Tom Middleton & Andrew Weatherall,,,,"World DJ Day, Cargo, London, England",
438,2002-03-17,James Zabiela,,,,,
439,2002-03-24,Donald Glaude,,,,,
440,2002-04-07,Sasha & John Digweed,,2002,,"Winter Music Conference (WMC)Miami, Florida",
441,2002-04-14,FC Kahuna,,,,,
442,2002-04-21,Circulation,,,,,
443,2002-04-28,Roger Sanchez,,,,,
444,2002-05-05,Pete Tong & BT,,,,"Coachella, Empire Polo Club, Indio, California",
445,2002-05-12,Chris Cowie,,,,,
446,2002-05-19,Derrick Carter,,,,,
447,2002-05-26,Greg Vickers,,,,,
448,2002-06-02,"Pete Tong, DJ Tiësto & Laurent Garnier",,,,Homelands,
449,2002-06-09,Michel De Hey,,,,,
450,2002-06-16,Seamus Haji,,,,,
451,2002-06-23,Mr. C,,,,,
452,2002-06-30,Layo and Bushwacka,,,,"Glastonbury FestivalSomerset, England",
453,2002-07-07,Fergie,,,,"London Mardi Gras, Trade at Turnmills, London, England",
454,2002-07-14,Paul Van Dyk,,,,"Berlin Love ParadeBerlin, Germany",
455,2002-07-21,MYNC Project,,,,,
456,2002-07-28,Danny Howells,,,,,
457,2002-08-04,"Seb Fontaine, Sasha & Pete Tong",,,,"Manumission, Privilege Ibiza, Ibiza, Spain",
458,2002-08-11,Pete Tong,,,,"We Love Sundays, Space, Ibiza, Spain",
459,2002-08-18,Timo Maas,,,,,
460,2002-08-25,"Paul Oakenfold, Underworld & Hernan Cattaneo",,,,"Creamfields, Old Liverpool Airfield, Liverpool, England",
461,2002-09-01,"X-Press 2 (Rocky, Diesel & Ashley Beedle)",,,,,
462,2002-09-08,Tim Deluxe,,,,,
463,2002-09-15,Rui Da Silva,,,,,
464,2002-09-22,Dirty Vegas,,,,,
465,2002-09-29,Eric Morillo & Pete Tong,,,,"Shindig, Newcastle upon Tyne, England",
466,2002-10-06,John Digweed,,,,"Bedrock, Heaven, London, England",
467,2002-10-13,Groove Armada,,,,,
468,2002-10-20,Marco V,,,,,
469,2002-10-27,Dave Congreve & Pete Tong,,,,"The Bomb, Nottingham",
470,2002-11-03,Bob Sinclar,,,,,
471,2002-11-10,Sven Väth & Richie Hawtin,,,,,Sven Väth (The Club) Richie Hawtin (The Afterparty)
472,2002-11-17,John Kelly & Daniel Kelly,,,,,
473,2002-11-24,Richard Fearless (Death in Vegas),,,,,
474,2002-12-01,Sander Kleinenberg & Seb Fontaine,,,,"Colours, Liquid Rooms, Edinburgh",
475,2002-12-08,Francesco Farfa,,,,,
476,2002-12-15,Adam Beyer,,,,,
477,2002-12-22,Carl Cox,,,,,
478,2003-01-05,Audio Bullys,,,,,
479,2003-01-12,Ashley Casselle,,,,,
480,2003-01-19,Paul Jackson,,,,,
481,2003-01-26,Lottie & Yousef,Live,,,"Back to Basics, Leeds",
482,2003-02-02,Pete Tong & DJ Onionz,Live,,,"Centro Fly, New York",
483,2003-02-09,Armin van Buuren,,,,,
484,2003-02-16,Guy Williams,,,,,
485,2003-02-23,Moshic,,,,,
486,2003-03-02,Pete Tong & Danny Krivit,Live,,,"Tribal Sessions, Redlight, Manchester, England",
487,2003-03-09,Gabriel & Dresden,,,,,
488,2003-03-23,Sandra Collins & Pete Tong,,,,"Ultra Music Festival (UMF), Bayfront Park, Miami, Florida",
489,2003-03-30,DJ Shadow,,,,,
490,2003-04-06,High Contrast,,2003,,,
491,2003-04-13,Nils Noa,,,,,
492,2003-04-20,DJ Heather,,,,,
493,2003-04-27,Scumfrog,,,,,
494,2003-05-04,Eddie Halliwell,,,,BBC Radio 1's Big Weekend (R1BW),
495,2003-05-11,Adam Freeland,,,,,
496,2003-05-18,Phil Kieran,,,,,
497,2003-05-25,Jeff Mills & DJ Marky,Live,,,Homelands,
498,2003-06-01,Nic Fanciulli,,,,,
499,2003-06-08,Sander Klienenberg,,,,,
500,2003-06-15,Plump DJs,,,,,
501,2003-06-22,DJ Yoda & Dan Greenpeace's Beach Tape,,,,,
502,2003-06-29,"Erol Alkan, Mr C, Layo & Bushwacka!",Live,,,"Glastonbury FestivalSomerset, England",
503,2003-07-06,Murk,,,,,
504,2003-07-20,Planet Funk,,,,,
505,2003-07-27,Antoine 909 & Tom Stephan,,,,"Crash, London, England",
506,2003-08-03,Agoria,,,,,
507,2003-08-10,"Paul Oakenfold, Tiësto, Fergie, Judge Jules & Eddie Halliwell",Live,,,"Amnesia, Ibiza, Spain",
508,2003-08-17,Carl Cox,Live,,,"Space, Ibiza, Spain",
509,2003-08-24,Pete Tong & Sasha,,,,"Creamfields, Old Liverpool Airfield, Liverpool, England",
510,2003-08-31,Radio Slave,,,,,
511,2003-09-07,Wall of Sound,,,,10th Birthday,
512,2003-09-14,Pete Gooding,,,,,Heroes of Ibiza (Part 1)
513,2003-09-21,Smokin Jo,,,,,Heroes of Ibiza (Part 2)
514,2003-09-28,Pete Tong & Alan Simms,Live,,,Shine,
515,2003-10-05,Steve Lawler,,,,,
516,2003-10-12,Futureshock & Seb Fontaine,,,,"Type, London, England",
517,2003-10-19,Wally Lopez,,,,,
518,2003-10-26,The Rapture,,,,,
519,2003-11-02,Fatboy Slim & Tula,,,,Radio One LiveBrighton,
520,2003-11-09,"Greg Vickers, Krysko & Phil Hartnoll",,,,Tribal Gathering,
521,2003-11-16,Lee Coombs,,,,,
522,2003-11-23,Ralph Lawson,,,,,
523,2003-11-30,DJ Gregory,,,,,
524,2003-12-07,Valentino Kanzyani,,,,,
525,2003-12-14,DJ Heather & Yousef,,,,"Circus, Liverpool",
526,2003-12-21,Paul van Dyk,,,,,The Big Hitters (Part 1)
527,2003-12-28,Erick Morillo,,,,,The Big Hitters (Part 2)
528,2004-01-04,Infusion,,,,,
529,2004-01-11,Switch,,,,,
530,2004-01-18,Aldrin,,,,"Zouk, Clarke Quay, Singapore",
531,2004-01-25,Adam Sheridan,,,,,
532,2004-02-01,DJ Touche,,,,,
533,2004-02-08,Ferry Corsten,,,,,
534,2004-02-15,Pete Tong,,,,"The Syndicate, Blackpool, England",
535,2004-02-22,James Zabiela,,,,,
536,2004-02-29,Harry 'Choo Choo' Romero,,,,,
537,2004-03-07,Sander Kleinenberg & Pete Tong,,,,"Ultrafest in Miami, Florida",
538,2004-03-14,Rob Tissera,,,,,
539,2004-03-21,DJ Marky and XRS,,,,,
540,2004-03-28,Christopher Lawrence,,,,,
541,2004-04-04,Armand Van Helden,,,,,
542,2004-04-11,Dave Clarke,,,,,
543,2004-04-18,Paul Woolford,,,,,
544,2004-04-25,Tall Paul & Armin Van Buuren,Live,,,"BBC Radio 1's Big Weekend (R1BW)Derry, Northern Ireland",
545,2004-05-02,Rob Da Bank & The Cuban Brothers,,,,,
546,2004-05-09,Sasha and Digweed,,,,Renaissance Wild In The Country,
547,2004-05-16,Danny Rampling,,,,,
548,2004-05-23,Junior Jack & Kid Creme,,,,,
549,2004-05-30,Danny Howells & Plump DJs,Live,,,Homelands,
550,2004-06-06,Above & Beyond,,2004,,,
551,2004-06-13,"Rui Vargas, Pepe Bradock & Gilles Peterson",,,,"Lux, Lisbon, Portugal",
552,2004-06-20,Craig Richards,,,,,
553,2004-06-27,"Seb Fontaine, Sander Kleinenberg & Timo Maas",Live,,,"Glastonbury FestivalSomerset, England",
554,2004-07-04,Pete Wardman & BK,Live,,,"Big Gay Out in Finsbury Park, London",
555,2004-07-11,Behrouz,,,,,
556,2004-07-18,"Tidy Boys, Lee Haslam & Judge Jules",Live,,,The Tidy Weekender,
557,2004-07-25,Stanton Warriors,,,,,
558,2004-08-01,Paolo Mojo,,,,,
559,2004-08-08,"Nic Fanciulli, Eddie Halliwell, Paul Oakenfold & Seb Fontaine",,,,"Cream, Amnesia, Ibiza, Spain",
560,2004-08-15,Sandra Collins,,,,,
561,2004-08-22,Scratch Perverts,,,,,
562,2004-08-29,Deep Dish,Live,,,"Creamfields, Old Liverpool Airfield, Liverpool, England",
563,2004-09-05,Slam,,,,,
564,2004-09-12,Dave Seaman,,,,,
565,2004-09-19,"Groove Armada, DJ Tiësto, Darren Emerson, X-Press 2 & Mylo",Live,,,"BBC Radio 1's Big Weekend (R1BW), Perry Park, Birmingham, England",
566,2004-09-26,Mark Knight & Martijn Ten Velden,,,,,
567,2004-10-03,Desyn Masiello,,,,,
568,2004-10-10,Marco V,,,,,
569,2004-10-17,Mutiny,,,,,
570,2004-10-24,Bugz In The Attic,,,,,
571,2004-10-31,King Unique,,,,,
572,2004-11-07,Matthew Dekay,,,,,
573,2004-11-14,Meat Katie,,,,,
574,2004-11-21,Timo Maas,Live,,,"Ocean Terminal, Boom Shaboom, Edinburgh",
575,2004-11-28,Blackstrobe,,,,,
576,2004-12-05,Lisa Lashes,,,,,
577,2004-12-12,Roni Size,,,,,
578,2004-12-19,Kings of Tomorrow,,,,,
579,2005-01-02,Radio Soulwax,,,,,
580,2005-01-16,Jon O'Bir,,,,,
581,2005-01-23,David Guetta,,,,,
582,2005-01-30,Pete Heller,,,,,
583,2005-02-06,Pete Tong & Nic Fanciulli,Live,,,"Club Class, Kent",
584,2005-02-13,Eddie Halliwell,,,,,
585,2005-02-20,Ben Watt,,,,,
586,2005-02-27,Krafty Kuts,,,,,
587,2005-03-06,Silicone Soul,,,,,
588,2005-03-13,Eric Prydz,,,,,
589,2005-03-20,Evil Nine,,,,,
590,2005-03-27,"Murk, Desyn Masiello, Gabriel & Dresden",Live,,,"Winter Music Conference (WMC), Nikki Beach, Miami, Florida",
591,2005-04-03,Yoji Biomehanika,,,,,
592,2005-04-10,Mylo,,,,,
593,2005-04-17,"Patife, Pete Tong, Hernan Cattaneo & Layo & Bushwacka!",Live,,,"Skol Beats FestivalSão Paulo, Brazil",
594,2005-04-24,DJ Tiësto,Live,,,"Space Mountain, Disneyland, Paris",
595,2005-05-01,Andy C,,,,,
596,2005-05-08,"Mauro Picotto, Dave Pearce & Fergie",Live,,,"BBC Radio 1's Big Weekend (R1BW), Herrington Country Park, Sunderland, England",
597,2005-05-15,Tom Middleton,,,,,Star Special
598,2005-05-22,Sasha,Live,2005,,"BBC Maida Vale Studios, Maida Vale, London",
598,2006-01-01,Sasha,Live,,,"BBC Maida Vale Studios, Maida Vale, London",
599,2005-05-29,Bob Sinclar,,,,,
600,2005-06-05,Tom Neville,,,,,
601,2005-06-12,Anne Savage,,,,,
602,2005-06-19,Deep Dish,,,,,
603,2005-06-26,Darren Emerson & James Lavelle,Live,,,"Glastonbury FestivalSomerset, England",
604,2005-07-09,Masters At Work,,,,,Postponed from 3 July 2005
605,2005-07-10,"DJ Sneak, Richie Hawtin & Ricardo Villalobos",,,,"T in the Park, RAF Balado Bridge, Kinross, Scotland",
606,2005-07-17,Steve Lawler,,,,,
607,2005-07-24,Martin Solveig,,,,,
608,2005-07-31,"Pete Tong, Paul Van Dyk, Roger Sanchez, Fergie & John Digweed",Live,,,"Global Gathering, Long Marston Airfield, Warwickshire, England",
609,2005-08-07,Tiësto,Live,,,"Amnesia, Ibiza, Spain",
610,2005-08-14,"Pete Tong, Carl Cox, Above & Beyond, Erick Morillo, Judge Jules, Laurent Garnier, Fergie & Deep Dish",Live,,,"Space, Ibiza, Spain",
611,2005-08-21,Tanya Vulcano & Loco Dice,Live,,,"DC10, Ibiza, Spain",
612,2005-08-28,Wally Lopez,Live,,,"Pacha, Ibiza, Spain",
613,2005-09-04,Murk,,,,,
614,2005-09-11,Audio Bullys,,,,,
615,2005-09-18,Pendulum (Australian band),,,,,
616,2005-09-25,Steve Angello & Sebastian Ingrosso,,,,,
617,2005-10-02,Paul Woolford,,,,,
618,2005-10-09,Amber D & Tidy Boys,Live,,,The Tidy Weekender,
619,2005-10-16,Chris Liebing,,,,,
620,2005-10-23,Matt Hardwick,,,,,
621,2005-10-30,Joey Negro,,,,,
622,2005-11-06,M.A.N.D.Y.,,,,,
623,2005-11-13,Tom Novy,,,,,
624,2005-11-20,i.e. MERGE & C2C,,,,,DMC World Individual Mix Champion
625,2005-11-27,Rennie Pilgrim,,,,,
626,2005-12-04,Erol Alkan,,,,,
627,2005-12-11,Shy FX,,,,,
628,2005-12-18,DJ Hell,,,,,
629,2005-12-25,Danny Rampling,,,,,
630,2006-01-08,François Kevorkian,,,,,
631,2006-01-15,Caged Baby,,,,,
632,2006-01-22,Yousef,,,,,
633,2006-01-29,Coldcut,,,,,
634,2006-02-05,Layo & Bushwacka!,,,,,
635,2006-02-12,"Plastician, Digital Mystikz & Roll Deep",,,,British Music Weekend,Grime & Dubstep Special
636,2006-02-19,Armin Van Buuren & Judge Jules,Live,,,"Trance Energy at Jaarbeurs, Utrecht, Holland",
637,2006-02-26,Pete Tong,Live,,,"Ministry of Sound, London, England",
638,2006-03-05,Alex Smoke,,,,,
639,2006-03-12,Col Hamilton & Pete Tong,Live,,,"Lush's 10th Birthday Party, Lush! at Kelly's, Portrush, Northern Ireland",
640,2006-03-19,James Holden & Nathan Fake,,,,,Border Community Special
641,2006-03-26,"Desyn Masiello, Demi & Omid 16b",,,,,Daylight Savings Special 3-Hour Mix
642,2006-04-02,Josh Wink & Mark Farina,Live,,,"Winter Music Conference (WMC)Miami, Florida",
643,2006-04-09,Tiga,,,,,
644,2006-04-16,Friction,,,,,
645,2006-04-23,Nic Fanciulli,,,,,
646,2006-04-30,Paul Oakenfold,,,,,
647,2006-05-07,Gabriel & Dresden,,,,,
648.01,2006-05-13,"Dave Pearce, Annie Mac, Mylo, Pete Tong, Judge Jules, Fergie",Live,,,"BBC Radio 1's Big Weekend (R1BW), Camperdown Park, Dundee, Scotland",
648.02,2006-05-13,"Dave Pearce, Annie Mac, Mylo, Pete Tong, Judge Jules, Fergie",Live,,,"BBC Radio 1's Big Weekend (R1BW), Camperdown Park, Dundee, Scotland",
649,2006-05-21,MYNC Project,,,,,
650,2006-05-28,Tiefschwarz,,,,,
651,2006-06-04,Paul Van Dyk,Live,,,Coloursfest in Glasgow,
652,2006-06-11,Damian Lazarus,,,,,
653,2006-06-18,Shapeshifters,,,,,
654,2006-06-25,Sander Van Doorn,,,,,
655,2006-07-02,Booka Shade,,,,,
656,2006-07-09,Jeff Mills & Slam,,,,T in the Park,
657,2006-07-16,Max Graham,,,,,
658,2006-07-23,Ame,,,,,
659,2006-07-30,"Fatboy Slim, Deep Dish, Tiësto & Ferry Corsten",Live,,,"Global Gathering, Long Marston Airfield, Warwickshire, England",
660,2006-08-07,Sander Van Doorn & Judge Jules,Live,,,"Judgment Sundays, Eden, Ibiza, Spain",
661,2006-08-08,Andre Galluzzi & Sven Väth,Live,,,"Cocoon, Amnesia, Ibiza, Spain",
662,2006-08-09,John Digweed & Carl Cox,Live,,,"Space, Ibiza, Spain",
663,2006-08-10,DJ Oliver,,,,"Home of LaTroya, Space, Ibiza, Spain",
664,2006-08-11,Fergie,Live,,,"Meganite, Privilege Ibiza, Ibiza, Spain",
665,2006-08-12,Pete Tong,,,,"Viva Party at Pure, Pacha, Ibiza, Spain",
666.1,2006-08-13,Steve Lawler,,,,"Pacha, Ibiza, Spain","Radio 1 in Ibiza Special, 6-Hour Mix, recorded Aug 12 2006"
666.2,2006-08-13,Fergie,,,,"Café Mambo, Ibiza, Spain","Radio 1 in Ibiza Special, 6-Hour Mix, recorded Aug 12 2006"
666.3,2006-08-13,Paul Oakenfold & Steve Angello,,,,"Cream, Amnesia, Ibiza, Spain","Radio 1 in Ibiza Special, 6-Hour Mix"
666.4,2006-08-13,Lisa Lashes,,,,"Judgment Sundays, Eden, Ibiza, Spain","Radio 1 in Ibiza Special, 6-Hour Mix, recorded Aug 7 2006"
666.5,2006-08-13,Mauro Picotto,,,,"Meganite, Privilege Ibiza, Ibiza, Spain","Radio 1 in Ibiza Special, 6-Hour Mix, recorded Aug 10 2006"
667,2006-08-20,Axwell,,,,,
668,2006-08-27,Seb Fontaine & Steve Lawler,Live,,,"Southwest Four Festival (SW4), Clapham Common, London, England",
669,2006-09-03,Kerri Chandler,,,,,
670,2006-09-10,Paul Van Dyk & Christopher Lawrence,Live,,,"PlanetLove, Shane's Castle, County Antrim, Northern Ireland",
671,2006-09-17,Tom Stephan,,,,,
672,2006-09-24,Fergie,Live,,,"Lush! At Kelly's, Portrush, Northern Ireland",
673,2006-10-01,Bob Sinclar,,,,,
674,2006-10-08,Marcel Woods & Tidy Boys,Live,,,The Tidy Weekender,
675,2006-10-15,Trentemøller,,2006,,,
676,2006-10-22,Pete Tong & Scott Bradford,Live,,,"Shindig, Newcastle upon Tyne, England",
677,2006-10-29,Andy Cato,,,,,
679,2006-11-12,Optimo,,,,,
680,2006-11-19,Mark Knight,,,,,
680,2006-11-05,Dan Ghenacia,,,,,
681,2006-11-26,DJ Yoda,,,,,
682,2006-12-03,Paul Harris,,,,,
683,2006-12-10,Adam Beyer,,,,,
684,2006-12-17,Sharam,,,,,
685,2006-12-24,Armin van Buuren,,,,,
686,2007-01-07,Mark Ronson,,,,,
687,2007-01-14,DJ Pierre,,,,,
688,2007-01-21,Gabriel Ananda,,,,,
689,2007-01-28,Seamus Haji,,,,,
690,2007-02-04,Radio Slave,,,,,
691,2007-02-11,John Askew,,,,,
692,2007-02-18,Danny Howells,,,,,
693,2007-02-25,Tayo,,,,,
694,2007-03-04,Eric Prydz,,,,,
695,2007-03-11,DJ Spen,,,,,
696,2007-03-18,Groove Armada,,,,,
697,2007-03-25,Frankie Knuckles & DJ Dan,Live,,,"Winter Music Conference (WMC)Miami, Florida",
698,2007-04-01,One + One (Nic Fanciulli & James Zabiela) & Richie Hawtin,Live,,,"Winter Music Conference (WMC)Miami, Florida",
699,2007-04-08,Goldie,,,,,
700,2007-04-15,Phil Kieran,,,,,
701,2007-04-22,Fergie,,,,,
702,2007-04-29,Steve Porter,,,,,
703,2007-05-06,Lindstrøm & Prins Thomas,,,,,
704,2007-05-13,D Ramirez,,,,,
705,2007-05-20,"Pete Tong, Simian Mobile Disco, Judge Jules & Kutski",Live,,,BBC Radio 1's Big Weekend (R1BW)Radio 1 Big Weekend After Show at Feel,
706,2007-05-27,Carl Cox,,,,,
707,2007-06-03,Simon Foy & Marco V,Live,,,Coloursfest in Glasgow,
708,2007-06-10,Justice,,,,,
709,2007-06-17,Skream,,,,,
710,2007-06-24,Rene Amesz,,,,,
711,2007-07-01,Mauro Picotto,,,,,
712,2007-07-08,Unabombers & Layo & Bushwacka!,Live,,,"Industrial Revolution International FestivaManchester, England",
713,2007-07-15,Digitalism,,,,,
714,2007-07-11,Soul Of Man,,,,,
715,2007-07-29,"David Guetta, Erol Alkan, Sven Väth & Paul Van Dyk",Live,,,"Global Gathering, Long Marston Airfield, Warwickshire, England",
716,2007-08-05,Chris Lake,,,,,
717,2007-08-12,"Sasha, Swedish House Mafia & Eddie Halliwell",Live,,,"Amnesia, Ibiza, Spain",
718,2007-08-19,Alex Wolfenden,,,,,Sunset Mix
719,2007-08-26,Pete Tong & Mike Pickering,,,,Factory & Hacienda,Tribute to Tony Wilson
720,2007-09-02,Dubfire,,,,,
721,2007-09-09,Above & Beyond & Markus Schulz,Live,,,"PlanetLove, Shane's Castle, County Antrim, Northern Ireland",
722,2007-09-16,Diplo,,,,,
723,2007-09-23,Fedde Le Grand,,,,,
724,2007-09-30,"Krysko, Layo & Bushwacka!, Armand Van Helden and Felix Da Housecat",Live,,,"The Warehouse Project, Manchester",
725,2007-10-07,High Contrast,,2007,,,
726,2007-10-13,John Digweed,Live,,,"The Warehouse Project, Manchester",
727,2007-10-20,Seb Fontaine,,,,,
728,2007-10-27,Pete Tong & Armin Van Buuren,,,,"Amnesia, Ibiza, Spain",Cream's 15th Birthday Party
729,2007-11-03,Bodyrox,,,,,
730,2007-11-10,Claude VonStroke,,,,,
731,2007-11-17,Harri & Domenic Capello,,,,,Sub Club Special
732,2007-11-24,DJ Umek,,,,,
733,2007-12-07,"Mr Scruff, DJ Marky with Dynamite MC",,,,"The Warehouse Project, Manchester",
734,2007-12-08,One + One (Nic Fanciulli + James Zabiela),,,,,
735,2007-12-15,Stewart Rowell & Louis Gaston (Streetlife DJs),,,,,
736,2007-12-22,"David Guetta, Axwell, and Pete Tong",Live,,,"The Warehouse Project, Manchester",
737,2007-12-29,Hot Chip,,,,,
738,2008-01-05,Hervé & Sinden,,,,,
739,2008-01-12,Gareth Emery,,,,,
740,2008-01-19,TC,,,,,
741,2008-01-26,Luciano,,,,,
742,2008-02-02,Benga,,,,,
743,2008-02-09,Mark Brown,,,,,
744,2008-02-16,Hernan Cattaneo,,,,,
745,2008-02-23,Laidback Luke,,,,,
746,2008-03-01,Adam Freeland,,,,,
747,2008-03-08,Copyright,,,,,
748,2008-03-15,Matthew Dear,,,,,
749,2008-03-22,Shlomi Aber,,,,,
750,2008-03-29,Deep Dish & Cedric Gervais,Live,,,"Winter Music Conference (WMC)Miami, Florida",
751,2008-04-05,Moby & Carl Cox,Live,,,"Ultra Music Festival (UMF)Miami, Florida",
752,2008-04-12,Martin Doorly & Pete Tong,Live,,,"Introducing Tour, Afterparty, Huddersfield, England",
753,2008-04-19,Judge Jules & Barry Connell,Live,,,"Introducing Tour, Inside Out, Glasgow, Scotland",
754,2008-04-26,"Kissy Sell Out, Jaymo & Andy George",Live,,,"Introducing Tour, MODA, Lincoln, England",
755,2008-05-03,Annie Mac & Tom Maddicott,Live,,,"Introducing Tour, Metropolis, Bath",
756,2008-05-10,Sébastien Léger,,,,,
757,2008-05-17,Alex Kidd,,,,,
758,2008-05-24,MSTRKRFT,,,,,
759,2008-05-31,Dirty South,,,,,
760,2008-06-07,DJ Q,,,,,Bassline Special
761.01,2008-06-14,Groove Armada,,,,"Wonderland, Eden, Ibiza, Spain",
761.02,2008-06-14,Paul Van Dyk & Richard Durand,,,,Coloursfest in Glasgow,
762,2008-06-21,Crookers,,,,,
763,2008-06-28,Roger Sanchez,,,,,
764,2008-07-05,James Zabiela & Booka Shade,Live,,,"Glastonbury FestivalSomerset, England",
765,2008-07-12,John O'Callaghan,,,,,
766,2008-07-19,Deadmau5,,,,,
767,2008-07-26,Kris Menace & Fred Falke,,,,,
768,2008-08-02,Steve Aoki,,,,,Ibiza Mixtape
769,2008-08-03,"Eddie Halliwell, John Digweed, Judge Jules, Justice, Pete Tong & Zane Lowe",Live,,,"Amnesia, Ibiza, Spain",
770,2008-08-09,Chase & Status,,,,,
771,2008-08-16,Paolo Mojo,,,,,
772,2008-08-24,"Pete Tong, Sasha, Eric Prydz, 2ManyDJs, Noisia",,,,"Creamfields, Daresbury Estate, Cheshire, England",5 hour special
773,2008-08-30,Peace Division,,,,,
774,2008-09-06,Mason,,,,,
775,2008-09-13,Mauro Picotto & Sander Van Doorn,Live,,,"PlanetLove, Shane's Castle, County Antrim, Northern Ireland",
776,2008-09-20,Riton,,,,,
777,2008-09-27,Dennis Ferrer,,,,,
778,2008-10-04,John Dahlbäck,,,,,
779,2008-10-11,Deadmau5 & Pete Tong,Live,,,"The Warehouse Project, Manchester",
780,2008-10-18,Calvin Harris,,,,,
781,2008-10-25,Steve Mac,,,,,
782,2008-11-01,James Lavelle & Pete Tong,Live,,,"Insider, New York",
783,2008-11-08,London Elektricity,,,,,
784,2008-11-15,A-Trak & Erol Alkan,,,,"Bournemouth International Centre, Bournemouth, England",
785,2008-11-22,Loco Dice,,,,,
786,2008-11-29,Flying Lotus,,2008,,,
787,2008-12-03,Markus Schulz,,,,,
788,2008-12-13,Rusko,,,,,
789,2008-12-20,Slam (Stuart McMillan & Orde Meikle),,,,,
790,2008-12-27,Swedish House Mafia,,,,"The Warehouse Project, Manchester",
791,2009-01-03,Jesse Rose,,,,,
792,2009-01-10,Funkagenda,,,,,
793,2009-01-17,Greg Wilson,,,,,
794,2009-01-24,Josh Wink,,,,,
795,2009-01-31,ATFC,,,,,
796,2009-02-07,Mr Scruff,,,,,
797,2009-02-14,Sean Tyas,,,,,
798,2009-02-21,Hervé,,,,,
799,2009-02-28,Blame,,,,,
800,2009-03-07,Showtek & Kidd Kaos,Live,,,"Hard Dance AwardsLeeds, England",
801,2009-03-14,Fake Blood,,,,,
802,2009-03-21,Marc Romboy,,,,,
803,2009-03-28,Gui Boratto,,,,,
804,2009-04-04,Tiga,,,,,
805,2009-04-11,Carl Cox,,,,,
806,2009-04-18,Joris Voorn,,,,,
807,2009-04-25,Sub Focus,,,,,
808,2009-05-02,Toddla T,,,,,
809.01,2009-05-09,Erol Alkan & 2ManyDJs,,,,"Radio 1's Big WeekendSwindon, England",
809.02,2009-05-09,"Plump DJs, Annie Mac, Pete Tong",,,,"Radio 1's Big WeekendSwindon, England",
810,2009-05-16,Steve Lawler,Live,,,,
811,2009-05-23,Laurent Garnier,,,,,
812,2009-05-30,Armin van Buuren,,,,,
813,2009-06-06,Style of Eye,,,,,
814,2009-06-13,Paul Ritch,,,,,
815,2009-06-20,Sander Van Doorn,,,,,
816,2009-06-27,Friendly Fires,,,,,
817,2009-07-04,Erick Morillo,,,,,
818,2009-07-11,Caspa,,,,,
819,2009-07-18,"Richie Hawtin, Dubfire, Magda & Loco Dice",Live,,,"Exit Festival, Petrovaradin Fortress, Petrovaradin, Serbia",Live Set
820,2009-07-25,Major Lazer (Switch & Diplo),,,,,
821,2009-08-01,"Deadmau5, Luciano",Live,,,"Wonderland, Eden, Ibiza, Spain",Live Set
822,2009-08-08,"Eric Prydz, Laidback Luke, Pete Tong & Annie Mac",Live,,,"Cream, Privilege Ibiza, Ibiza, Spain",Live Set
823,2009-08-15,Steve Bug,,,,,
824,2009-08-22,Felix Da Housecat,,,,,
825,2009-08-29,Sharam,,2009,,,
826,2009-09-05,Yousef & Mark Knight,Live,,,"Creamfields, Daresbury Estate, Cheshire, England",Live Set
827,2009-09-12,Crazy Cousinz,,,,,
828,2009-09-19,James Talk,,,,,
829,2009-09-26,Paul Van Dyk,,,,,End Of Summer Mix
830,2009-10-03,Jamie Jones,,,,,
831,2009-10-10,Boys Noize,,,,,
832,2009-10-17,Terry Francis & DJ Hype,Live,,,"Fabric, London, England",Fabric's 10th Birthday Party
833,2009-10-24,Dusty Kid,,,,,
834,2009-11-07,DJ Mehdi & Busy P,Live,,,"The Warehouse Project, Manchester",Live Set
835,2009-11-14,DJ Zinc,,,,,
836,2009-11-21,Simon Patterson,,,,,
837,2009-11-28,Hudson Mohawke,,,,,
838,2009-12-05,Tocadisco,,,,,
839,2009-12-12,Reboot,,,,,
840,2009-12-19,The Twelves,,,,,
841,2009-12-26,"Pete Tong, Calvin Harris",Live,,,"The Warehouse Project, Manchester",Live Set
842,2010-01-09,Simian Mobile Disco,,,,,
843,2010-01-16,Christian Smith,,,,,
844,2010-01-23,Four Tet,,,,,
845,2010-01-30,"Annie Mac, Hostage",Live,,,Sugarbeat in Edinburgh,Live Set
846,2010-02-06,Riva Starr,,,,,
847,2010-02-13,John '00' Fleming,,,,,
848,2010-02-20,Jack Beats,,,,,
849,2010-02-27,Faithless Sound System,,,,,
850,2010-03-06,Kissy Sell Out & Alex Metric,Live,,,,In New Music We Trust
851,2010-03-13,Noisia,,,,,
852,2010-03-20,Sebastien Leger,,,,,
853,2010-03-27,Audio Bullys,,,,,
854,2010-04-03,James Zabiela,,,,,
855,2010-04-10,Buraka Som Sistema,,,,,
856,2010-04-17,Ferry Corsten,,,,,
857,2010-04-24,"Aeroplane, Pete Tong, Sasha, Richie Hawtin",,,,"Circus, Liverpool",500th DJ Aeroplane
858,2010-05-01,Breakage,,,,,
859,2010-05-08,Dave Spoon,,,,,
860,2010-05-15,Boy 8 Bit,,,,,
861,2010-05-22,"Deadmau5, Mylo, Laurent Garnier",,,,,Best of OBW Special
862,2010-05-29,John Digweed,,,,,
863,2010-06-05,Tim Green,,,,,
864,2010-06-12,Chuckie,,,,,
865,2010-06-19,"Club 75 (Busy P, Cassius, DJ Mehdi, Justice), Boys Noize, Burns, Gary Beck",Live,,,"RockNess, Clune Farm/Loch Ness, Iverness, Scottland",Extended 4 hour mix
866,2010-06-26,"Annie Mac, Chase & Status, Rusko, Skream, Toddla T",Live,,,"Glastonbury FestivalSomerset, England",Extended 4 hour mix
867,2010-07-03,Justin Martin,,,,,Dirtybird Records
868,2010-07-10,Afrojack,,,,,
869,2010-07-17,Pendulum,,,,,
870,2010-07-24,Magnetic Man,,,,,
871,2010-07-31,Nick Curly,,,,,
872,2010-08-06,"Zane Lowe, Mark Ronson & Grandmaster Flash",Live,,,"Space, Ibiza, Spain",
873,2010-08-07,Sven Väth & Andre Galluzzi,Live,,,"Cocoon, Amnesia, Ibiza, Spain",
874,2010-08-08,"Pete Tong, Underworld, Above & Beyond, Annie Mac",Live,,,"Cream, Privilege Ibiza, Ibiza, Spain",
875,2010-08-14,Chris Lake,,,,,
876,2010-08-21,The Count & Sinden,,,,,
877,2010-08-28,Danny Byrd,,,,,
878,2010-09-04,Swedish House Mafia,,2010,,"Creamfields, Daresbury Estate, Cheshire, England",
879,2010-09-11,Joris Voorn,Live,,,"Creamfields, Daresbury Estate, Cheshire, England",Live Set
880,2010-09-18,Doorly,,,,,
881,2010-09-25,Paul Woolford,,,,,
882,2010-10-02,Kim Fai,,,,,
883,2010-10-09,Netsky,,,,,
884,2010-10-16,Marcus Schossow,,,,,
885,2010-10-23,Basement Jaxx,,,,,
886,2010-10-30,Magda,,,,,
887,2010-11-06,Wolfgang Gartner,,,,,This mix was nominated for Essential Mix of the Year 2016 and was voted one of the most popular Essential Mixes of all time on Reddit
888,2010-11-13,Nero,,,,,
889,2010-11-20,2000 and One,,,,,
890,2010-11-27,Roska,,,,,
891,2010-12-04,Sander Kleinenberg,,,,,
892,2010-12-11,Avicii,,,,,
893,2011-01-08,Retro/Grade,,,,,
894,2011-01-15,Gareth Wyn,,,,,
895,2011-01-22,Beardyman,,,,,
896,2011-02-05,Marco Carola,,,,,
897,2011-02-12,Cosmic Gate,,,,,
898,2011-02-19,Laidback Luke,,,,,
899,2011-02-26,Carl Craig,,,,,20 years of Planet E
900,2011-03-05,Soul Clap,,,,,
901,2011-03-12,Kode 9,,,,,
902,2011-03-19,Dimitri From Paris,,,,,
903,2011-03-26,Robert Babicz,,,,,
904,2011-04-02,Brodinski,,,,,
905,2011-04-09,Pete Tong,,,,,
906,2011-04-16,Alex Metric,,,,,
907,2011-04-23,Axwell & Norman Doray,,,,"Winter Music Conference (WMC)Miami, Florida",
908,2011-04-30,Riva Starr & Funkagenda,,,,"Winter Music Conference (WMC)Miami, Florida",
909,2011-05-07,Seth Troxler,,,,,
910,2011-05-14,Sharam,,,,,
911,2011-05-21,Calvin Harris,,,,One Big Weekend in Carlisle,
912,2011-06-04,Derrick Carter,,,,,
913,2011-06-11,The Japanese Popstars,,,,,
914,2011-06-18,"DJ Shadow, Simian Mobile Disco, Fake Blood, Skrillex",Live,,,"RockNess, Clune Farm/Loch Ness, Iverness, Scottland",Live Set
915,2011-06-25,Redlight & Scuba,,,,"Sonar FestivalBarcelona, Spain",
916,2011-07-02,Above & Beyond,,2011,,,
917,2011-07-09,Maya Jane Coles,,,,,
918,2011-07-17,Martin Solveig,,,,,
919,2011-07-23,Brookes Brothers,,,,,
920,2011-07-30,Paul Kalkbrenner,,,,,
921,2011-08-05,"Deadmau5, Magnetic Man, Skream & Benga and Knife Party",Live,,,"Radio 1 in Ibiza, Space, Ibiza, Spain",
922,2011-08-13,"Jamie Jones, Funkagenda, Mark Knight, Chuckie, Judge Jules, Kutski",,,,Best of Ibiza,
923,2011-08-20,Stacey Pullen,,,,,
924,2011-08-27,Jamie xx,,,,,
925,2011-09-02,"Eric Prydz, Eddie Halliwell, Judge Jules, Jack Beats, A Trak",,,,"Creamfields, Daresbury Estate, Cheshire, England",
926,2011-09-10,Kaskade,,,,,
927,2011-09-17,James Blake,,,,,
928,2011-09-24,Julio Bashmore,,,,,
929,2011-10-01,Luciano,,,,"Pacha, Ibiza, Spain",
930,2011-10-08,Modeselektor,,,,,
931,2011-10-15,SBTRKT,,,,,
932,2011-10-22,Art Department,,,,,
933,2011-10-29,"Ferry Corsten, Sander Van Doorn, Afrojack, Sidney Samson",,,,"Amsterdam Dance EventAmsterdam, Netherlands",
934,2011-11-05,"AN21, Max Vangeli",,,,,
935,2011-11-12,Alan Fitzpatrick,,,,,
936,2011-11-19,Joker,,,,,
937,2011-11-26,Eats Everything,,,,"In:Motion, Motion, Bristol, England",
938,2011-12-03,Pearson Sound,,,,,
939,2011-12-10,Michael Woods,,,,,
940,2012-01-07,L-Vis 1990,,,,,
941,2012-01-14,Azari & III,,,,,
942,2012-01-21,The 2 Bears,,,,,
943,2012-01-27,"Porter Robinson, Chuckie, Judge Jules and Fedde Le Grand",Live,,,"Hull City Hall, ",
944,2012-02-11,Arty,,,,,
945,2012-02-18,Maceo Plex,,,,,
946,2012-02-25,Scuba,,,,,
947,2012-03-03,Butch,,,,,
948,2012-03-10,Moguai,,,,,
949,2012-03-17,Martyn,,,,,
950,2012-03-24,Alesso,,,,,
951,2012-03-31,Guti,,,,,
952,2012-04-07,Rustie,,,,,
953,2012-04-14,Flux Pavilion,,,,,
954,2012-04-28,Nicky Romero,,,,,
955,2012-05-05,Groove Armada,,,,,
956,2012-05-12,Nina Kraviz,,,,,
957,2012-05-19,Nicolas Jaar,,2012,,,
958,2012-05-26,Dubfire,,,,,
959,2012-06-02,Hot Chip,,,,,
960,2012-06-16,"Annie Mac, Brodinski, Gesaffelstein, Jack Beats, Simian Mobile Disco",,,,Sonar Festival,
961,2012-06-23,Nicole Moudaber,,,,,
962,2012-06-30,Deadmau5 and David Guetta,,,,Radio 1 Hackney Weekender,
963,2012-07-07,Nero and Andy C,,,,Radio 1 Hackney Weekender,
964,2012-07-14,Jacques Lu Cont,,,,,
965,2012-07-21,Paul Oakenfold,,,,,Fluorescence Mix
966,2012-07-28,Solomun,,,,,
967,2012-08-03,"Carl Cox, DJ Sneak, Matt Tolfrey",,,,"Ibiza, Spain",
968,2012-08-11,"Chase and Status, Sebastian Ingrosso, Benny Benassi, Pete Tong",,,,"Creamfields, Privilege Ibiza, Ibiza, Spain",
969,2012-08-18,Totally Enormous Extinct Dinosaurs,,,,,
970,2012-08-25,Miguel Campbell,,,,,
971.01,2012-09-01,"Avicii, Loadstar",Live,,,"Creamfields, Daresbury Estate, Cheshire, England",
971.02,2012-09-01,Richie Hawtin,Live,,,Watergate Berlin,Recorded 25 August 2012
972,2012-09-08,Feed Me,,,,,
973,2012-09-15,Karlsson & Winnberg of Miike Snow,,,,,
974,2012-09-22,Drumsound & Bassline Smith,,,,,
975,2012-09-29,Davide Squillace,,,,,
976,2012-10-06,Photek,,,,,
977,2012-10-13,Dusky,,,,,
978,2012-10-20,Yousef,,,,,
979,2012-10-27,Steve Aoki,,,,,
980,2012-11-03,Thomas Gold,,,,,
981,2012-11-10,Lee Foss,,,,,
982,2012-11-17,Deetron,,,,,
983,2012-11-24,Hardwell,,,,,
984,2012-12-01,The Gaslamp Killer,,,,,
985,2012-12-08,Calyx & Teebee,,,,,
986,2012-12-15,Eats Everything,,,,,Edits Everything Special
987,2013-01-31,Perseus and Jonas Rathsman,,,,,
988,2013-01-31,Duke Dumont,,,,,Future Stars of 2013
989,2013-01-31,George FitzGerald,,,,,
990,2013-01-31,Metrik,,,,,
991,2013-02-02,Eric Prydz,,2013,,,
992,2013-02-09,Mat Zo,,,,,
993,2013-02-16,Tensnake,,,,,
994,2013-02-23,Felix Da Housecat & Amirali,,,,BBC Access All Areas,
995,2013-03-02,Zeds Dead,,,,,
996,2013-03-09,Atoms for Peace (Thom Yorke & Nigel Godrich),,,,,
997,2013-03-16,Dirty South,,,,,
998,2013-03-23,Cedric Gervais,,,,,
999,2013-03-30,Steve Angello,,,,,
1000,2013-04-06,Jaymo and Andy George,,,,,
1001,2013-04-13,Mala,,,,,
1002,2013-04-20,Catz 'n Dogz,,,,,
1003,2013-04-27,Will Saul,,,,,
1004,2013-05-04,Maya Jane Coles,,,,,
1005,2013-05-11,Alix Perez,,,,,
1006,2013-05-18,Todd Edwards,,,,,
1007,2013-05-25,Armin van Buuren,,,,,3 Hour Special
1008,2013-06-08,The Juan MacLean,,,,,
1009,2013-06-15,Skrillex,,,,,
1010,2013-06-22,Noir,,,,,
1011,2013-06-29,"B. Traits & Zane Lowe, Rudimental, Diplo",Live,,,"Glastonbury FestivalSomerset, England",
1012,2013-07-06,Breach (Ben Westbeech),,,,,
1013,2013-07-13,Loadstar,,,,,
1014,2013-07-20,Danny Daze,,,,,
1015,2013-07-27,Todd Terje,,,,,
1016,2013-08-02,"Steve Lawler, Darius Syrossian",,,,"VIVa Warriors (Ibiza, Spain)",
1017,2013-08-03,"Jamie Jones, tINI",Live,,,"Paradise, DC10, Ibiza, Spain",
1018,2013-08-04,"Pete Tong, Eric Prydz, Hardwell",,,,"Creamfields, Privilege Ibiza, Ibiza, Spain",Underworld as well?
1019,2013-08-10,Disclosure,,,,,
1020,2013-08-17,Hot Since 82,,,,,
1021,2013-08-24,Nervo,,,,,
1022,2013-08-31,Andy Baxter,,,,,
1023,2013-09-07,Judge Jules,,,,,
1024,2013-09-14,Dixon,,,,,
1025,2013-09-21,Guy Gerber,,,,,
1026,2013-09-28,The Martinez Brothers,,,,,
1027,2013-10-05,Ben UFO,,,,,
1028,2013-10-12,Duck Sauce (A-Trak & Armand Van Helden),,,,,
1029,2013-10-19,H.O.S.H.,,,,,
1030,2013-10-26,W&W,,,,,
1031,2013-11-02,Wilkinson,,,,,
1032,2013-11-09,Showtek,,,,,
1033,2013-11-16,Machinedrum,,,,,
1034,2013-11-23,Claude VonStroke,,,,,
1035,2013-11-30,"Sasha, Pete Tong, Eats Everything",Live,,,"The Warehouse Project, Manchester",
1036,2013-12-07,"Booka Shade, Steve Lawler, Hot Since 82",Live,,,"The Warehouse Project, Manchester",
1037,2013-12-14,"Rudimental, Paul Woolford, James Zabiela",Live,,,"The Warehouse Project, Manchester",
1038,2014-01-04,Kölsch,,,,,
1039,2014-01-11,Friend Within,,,,,
1040,2014-01-18,"Sunnery James, Ryan Marciano",,,,,
1041,2014-01-25,DJ Snake,,,,,
1042,2014-02-01,Tiësto,,,,,
1043,2014-02-08,MK,,,,,
1044,2014-02-15,R3hab,,,,,
1045,2014-02-22,Jordan Suckley,,,,,
1046,2014-03-01,Shadow Child,,,,,
1047,2014-03-08,Magda,,,,,
1048,2014-03-15,Jackmaster,,,,,
1049,2014-03-22,Deep Dish,,,,,
1050,2014-03-29,Daniel Avery,,,,,
1051,2014-04-05,Laurent Garnier,,,,,
1052,2014-04-12,Bonobo,,,,,
1053,2014-04-19,Marcel Dettman,,,,,
1054,2014-04-26,Hot Natured,,,,,
1055,2014-05-03,Jakwob,,,,,
1056,2014-05-10,Jimmy Edgar,,,,,
1057,2014-05-17,"Jackmaster Presents Jasper James, Dixon Avenue Basement Jams, LUMA",,,,,
1058,2014-05-24,Grum,,,,,
1059,2014-05-31,KiNK,,,,,
1060,2014-06-07,Wankelmut,,,,,
1061,2014-06-14,Gilles Peterson,,,,,Brasileiro World Cup Mix 2014
1062,2014-06-21,Porter Robinson,,,,,
1063,2014-06-28,"Annie Mac, Tiga, Jackmaster, Oneman",,,,"Glastonbury FestivalSomerset, England",
1064,2014-07-05,Gaiser & Matador,,,,,
1065,2014-07-12,Amine Edge & DANCE,,,,,
1066,2014-07-19,Green Velvet,,,,,
1067,2014-07-26,Joy Orbison,,,,,
1068,2014-08-01,Richie Hawtin,,,,"ENTER, Space, Ibiza, Spain",
1069,2014-08-02,"Shlomi Aber, Greg Vickers, Just Be",,,,"Tribal Sessions, Sankeys, Ibiza, Spain",
1070,2014-08-03,"Steve Angello, Above & Beyond, Sasha, Pete Tong",,,,"Creamfields, Privilege Ibiza, Ibiza, Spain",
1071,2014-08-09,Skream,,,,"We Love Space, Space, Ibiza, Spain",
1072,2014-08-16,Finnebassen,,,,,
1073,2014-08-23,Gorgon City,,,,,
1074,2014-08-30,Subb-an,,,,,
1075,2014-09-06,Martin Garrix,,,,,
1076,2014-09-13,Ten Walls,,,,,
1077,2014-09-20,Heidi,,,,,
1078,2014-09-27,Bicep,,,,,
1079,2014-10-04,Anja Schneider,,,,,
1080,2014-10-11,Carl Cox,,,,"Space Closing Fiesta, Space, Ibiza, Spain",Recorded 5 October 2014
1081,2014-10-18,Caribou,,2014,,,
1082,2014-10-25,Apollonia,,,,,
1083,2014-11-01,Kutski,,,,,Hard Halloween Mix
1084,2014-11-08,Steffi,,,,,
1085,2014-11-15,Huxley,,,,,
1086,2014-11-22,Jon Hopkins,,,,,
1087,2014-11-29,Richy Ahmed,,,,,
1088,2014-12-05,Oliver Heldens,,,,,
1089,2014-12-13,Warp Records,,,,,
1090,2014-12-20,Oliver Dollar,,,,,
1091,2015-01-03,"Eric Prydz, B2B Jeremy Olander",,,,,
1092,2015-01-10,S.P.Y,,,,,
1093,2015-01-17,Luke Solomon,,,,,
1094,2015-01-24,Tale of Us,,,,,
1095,2015-01-31,Joris Voorn,,,,,
1096,2015-02-07,Waze & Odyssey,,,,,
1097,2015-02-14,Erick Morillo,,,,,Masters Series #1
1098,2015-02-21,Redlight,,,,,
1099,2015-02-18,Max Cooper,,,,,
1100,2015-03-07,Etienne de Crecy,,,,,
1101,2015-03-14,Spor,,,,,
1102,2015-03-21,Kryder,,,,,
1103,2015-03-28,Four Tet & Jamie xx,,,,,
1104,2015-04-04,Frankie Knuckles,,,,,Masters Series #2
1105,2015-04-11,DJ EZ,,,,,
1106,2015-04-18,Patrick Topping,,,,,
1107,2015-04-25,Claptone,,,,,
1108,2015-05-02,Julio Bashmore,,,,,
1109,2015-05-09,Scuba,,,,,
1110,2015-05-16,Damian Lazarus's Ancient Moons,,,,,
1111,2015-05-23,David Guetta,,,,,Influences Mix
1112,2015-05-30,Hannah Wants,,,,,
1113,2015-06-06,andhim,,,,,
1114,2015-06-13,Jonas Rathsman,,,,,
1115,2015-06-20,Detroit Swindle,,,,,
1116,2015-06-27,"Andy C, Friction, Spor",,,,"Glastonbury FestivalSomerset, England",3 Hour Special
1117,2015-06-27,"Chemical Brothers, Chase + Status & Rudimental",,,,"Glastonbury FestivalSomerset, England",
1118,2015-07-04,Sven Väth,,,,,Masters Series #3
1119,2015-07-11,Matthew Herbert,,,,,
1120,2015-07-18,"Maceo Plex, Adam Beyer, Joseph Capriati, Eats Everything & Slam",,,,"The Slam Arena, T In The Park",
1121,2015-07-25,"Kerri Chandler, Joy Orbison & Ben UFO",Live,,,Lovebox,
1122,2015-07-30,"Heidi, Miss Kittin & Maya Jane Coles",Live,,,"ENTER, Space, Ibiza, Spain",4 Hour Special
1123,2015-07-31,Hot Since 82,,,,"ENTER, Space, Ibiza, Spain",3 Hour Special
1124,2015-08-08,MK & Steve Angello,,,,"Ushuaïa Ibiza Beach Hotel, Ibiza, Spain",
1125,2015-08-15,Jose Padilla,,,,,Masters Series #4
1126,2015-08-22,Fur Coat,,,,,
1127,2015-08-29,Rudimental,,,,,
1128,2015-09-05,Lee Burridge,,,,,
1129,2015-09-12,Nero,,,,,
1130,2015-09-19,Seth Troxler,,,,Bestival,
1131,2015-09-26,"Coldcut, Steven Davis Jr",,,,,Ninja Tune 25th Anniversary Special
1132,2015-10-03,Flume,,,,,
1133,2015-10-10,Ben Klock,Live,2015,,,
1134,2015-10-17,"Busy P, Cassius, Para One",,,,,Ed Banger Special
1135,2015-10-24,Loco Dice,,,,,
1136,2015-10-31,Dave Clarke,,,,"Amsterdam Dance EventAmsterdam, Netherlands",Masters Series #5
1137,2015-11-07,Maceo Plex,,,,,
1138,2015-11-14,Special Request,,,,,
1139,2015-11-21,Black Coffee,,,,,
1140,2015-11-28,Floating Points,,,,,
1141,2015-12-05,Matthias Tanzmann,,,,,
1142,2015-12-12,Roman Flügel,,,,,
1143,2016-01-02,Maribou State,,,,,
1144,2016-01-09,Denney,,,,,
1145,2016-01-16,Rockwell,,,,,
1146,2016-01-23,Pirupa,,,,,
1147,2016-01-30,Richie Hawtin,,,,,
1148,2016-02-06,Stephan Bodzin,,,,,
1149,2016-02-13,Aly & Fila,,,,,
1150,2016-02-20,Midland,,2016,,,
1151,2016-02-27,Rødhåd,,,,,
1152,2016-03-05,Bob Moses,,,,,
1153,2016-03-12,Leon Vynehall,,,,,
1154,2016-03-26,Baauer,,,,,
1155,2016-04-02,Âme X Dixon,,,,,"First ""X"" Series"
1156,2016-04-09,Pig & Dan,,,,,
1157,2016-04-16,Blond:ish,,,,,
1158,2016-04-23,Audion,,,,,
1159,2016-04-30,Tom Trago,,,,,
1160,2016-05-07,Moderat,,,,,
1161,2016-05-14,Sante & Sidney Charles,,,,,
1162,2016-05-21,Fred V & Grafix,,,,,
1163,2016-05-28,Steve Lawler,,,,,
1164,2016-06-04,Audiojack,,,,,
1165,2016-06-11,Cassy,,,,,
1166,2016-06-18,Chemical Brothers & Jackmaster B2B Armand Van Helden,Live,,,Parklife Festival,
1167,2016-06-25,"Annie Mac, Four Tet, Kowton & Julio Bashmore",Live,,,"Glastonbury FestivalSomerset, England",
1168,2016-07-02,DJ Shadow,,,,,Masters Series #6
1169,2016-07-09,DJ Oneman,,,,,
1170,2016-07-16,Nora En Pure,,,,,
1171,2016-07-23,Andrea Oliva,,,,"ANTS, Ushuaïa Ibiza Beach Hotel, Ibiza, Spain",Recorded 9 July 2016
1172,2016-07-30,Solomun,,,,"Pacha, Ibiza, Spain",Recorded 24 July 2016
1173,2016-08-05,Carl Cox,,,,"Space, Ibiza, Spain",
1174,2016-08-06,Jamie Jones and Nathan Barato,,,,"Paradise, DC10, Ibiza, Spain",
1175,2016-08-13,"Dusky, Derrick Carter & The Black Madonna",,,,"Space, Ibiza, Spain",Recorded 7 August 2016
1176,2016-08-20,Sonny Fodera,,,,,
1177,2016-08-27,The Avalanches,,,,,
1178,2016-09-03,"Chase & Status, Cirez D",,,,"Creamfields, Daresbury Estate, Cheshire, England",Recorded 26 August 2016
1179,2016-09-10,Mind Against,,,,,
1180,2016-09-17,Fatboy Slim,,,,Bestival,Recorded 11 September 2016
1181,2016-09-24,Darius Syrossian,,,,,
1182,2016-10-01,Seth Troxler,,,,"Output, Brooklyn, New York",Recorded Sep 23 2016
1183,2016-10-08,Bedouin,,,,,
1184,2016-10-15,Tchami,,,,,
1185,2016-10-22,Delta Heavy,,,,,
1186,2016-10-29,Mano Le Tough,,,,,
1187,2016-11-05,Recondite,,,,,Nominated for Essential Mix of the Year
1188,2016-11-12,tINI,,,,,
1189,2016-11-19,Enzo Siragusa,,,,,
1190,2016-11-26,Dusky,,,,,
1191,2016-12-03,DJ Zinc,,,,,
1192,2016-12-10,Ellen Allien,,,,,
1193,2016-12-17,Justice,,,,,
1194,2017-01-07,DJ Pierre,,,,,
1195,2017-01-14,Simian Mobile Disco,,,,,
1196,2017-01-21,Disciples,,,,,
1197,2017-01-28,Pan-Pot,,,,,
1198,2017-02-04,Adriatique,,,,,
1199,2017-02-11,My Nu Leng,,,,,
1200,2017-02-18,Tube & Berger,,,,,
1201,2017-02-25,Helena Hauff,,2017,,,
1202,2017-03-04,Wilkinson,,,,,
1203,2017-03-11,Gerd Janson,,,,,
1204,2017-03-18,Joe Goddard,,,,,
1205,2017-03-25,Joris Voorn & Better Lost Than Stupid,,,,"Ultra Music Festival (UMF), The National Hotel, Miami, Florida",
1206,2017-04-01,Monika Kruse,,,,,
1207,2017-04-08,Kahn & Neek,,,,,
1208,2017-04-15,Don Diablo,,,,,
1209,2017-04-22,Mark Knight,,,,,
1210,2017-04-29,Hunee,,,,,Nominated for EMOTY
1211,2017-05-06,Camo & Krooked,,,,,
1212,2017-05-13,Ben Pearce,,,,,
1213,2017-05-20,Soulwax,,,,,
1214,2017-05-27,Floorplan (Robert Hood & Lyric),,,,,
1215,2017-06-03,Joseph Capriati,,,,,
1216,2017-06-10,Solardo (MRK1 & James Elliot),,,,,
1217,2017-06-17,Sir Spyro,,,,,
1218.01,2017-06-24,"Richy Ahmed B2B Patrick Topping, Jackmaster & Peggy Gou",,,,"Glastonbury FestivalSomerset, England",
1218.02,2017-06-24,John Digweed & Lee Foss,,,,"Electric Daisy Carnival (EDC), Las Vegas Motor Speedway, Las Vegas, Nevada",Recorded Jun 17 2017
1219,2017-07-01,Calibre,,,,,Nominated for EMOTY
1220,2017-07-08,Mura Masa,,,,,
1221,2017-07-15,HI-LO (Oliver Heldens),,,,,
1222,2017-07-22,Honey Dijon,,,,,
1223,2017-07-29,Nastia,,,,,
1224,2017-08-05,"Richie Hawtin, Black Madonna & Solomun",,,,"Ibiza, Spain",Ibiza Rewind
1225,2017-08-12,"Above & Beyond, Goldie & High Contrast",,,,"Creamfields, Privilege Ibiza, Ibiza, Spain",
1226,2017-08-19,Maya Jane Coles,,,,,Nominated for EMOTY
1227,2017-08-26,TQD,,,,,
1228,2017-09-02,Franky Rizardo,,,,,
1229,2017-09-09,Fatima Yamaha,,,,,
1230,2017-09-16,Rebekah,,,,,
1231,2017-09-23,Patrice Bäumel,,,,,Nominated for EMOTY
1232,2017-09-30,Henry Saiz,,,,,Nominated for EMOTY
1233,2017-10-07,Nina Kraviz,,,,,
1234,2017-10-14,DJ Tennis,,,,,
1235,2017-10-21,Purple Disco Machine,,,,,"Oddly enough, only final 1 hour of the show appeared to be available on the BBC iPlayer, only for a few days, then it was fully available…"
1236,2017-10-28,Henrik Schwarz,,,,,
1237,2017-11-14,Spectrasoul,,,,,
1238,2017-11-11,Nic Fanciulli,,,,,
1239,2017-11-18,DJ Craze,,,,,
1240,2017-11-25,Bontan,,,,,
1241,2017-12-02,Mall Grab,,,,,
1242,2017-12-09,Bicep,,,,,
1243,2017-12-16,Artwork,,,,,
1244,2017-12-23,Horse Meat Disco,,,,,
1245,2018-01-06,Carl Cox,,,,,
1246,2018-01-03,Palms Trax,,,,,
1247,2018-01-20,B.Traits,,,,,
1248,2018-01-27,Yotto,,,,,
1249,2018-02-03,Lone,,,,,
1250,2018-02-10,Charlotte de Witte,,,,,
1251,2018-02-17,Len Faki,,,,,
1252,2018-02-24,Icarus,,,,,
1253,2018-03-03,Daniel Avery (aka Drone King),,,,,
1254,2018-03-10,Peggy Gou,,,,,
1255,2018-03-17,Four Tet,,,,,Nominated for EMOTY
1256.01,2018-03-24,The Black Madonna B2B Honey Dijon,,,,"Miami Music WeekMiami, Florida",
1256.02,2018-03-24,The Martinez Brothers B2B Joseph Capriati,,,,"Miami Music WeekMiami, Florida",
1257,2018-03-31,Denis Sulta,,,,,
1258,2018-04-07,Dax J,,,,,
1259,2018-04-14,Max Chapman,,,,,
1260,2018-04-21,Lane 8,,,,,
1261,2018-05-05,Ivy Lab,,,,,Nominated for EMOTY
1262,2018-05-12,CamelPhat,,,,,
1263,2018-05-19,Blawan,,,,,
1264,2018-05-26,PBR Streetgang,,,,,
1265,2018-06-02,George FitzGerald,,,,,
1266,2018-06-09,Call Super,,,,,
1267,2018-06-16,Ejeca,,,,,Ejeca performing a Trance Wax mix
1268,2018-06-23,Dense & Pika,,,,,
1269,2018-06-30,Josh Butler,,,,,
1270,2018-07-07,Fort Romeau,,,,,
1271,2018-07-14,Vini Vici,,,,,
1272,2018-07-21,Red Axes,,,,,
1273,2018-07-28,Eagles & Butterflies,,,,,
1274,2018-08-04,Nightmares on Wax,,,,,
1275,2018-08-11,"Steve Lawler B2B Nic Fanciulli, Eli & Fur",,,,"ANTS, Ushuaïa Ibiza Beach Hotel, Ibiza, Spain",Recorded Aug 4 2018
1276,2018-08-18,Avalon Emerson,,,,,Nominated for EMOTY
1277,2018-08-25,La Fleur,,,,,
1278,2018-09-01,"Steve Angello, Danny Howard",,,,"Creamfields, Daresbury Estate, Cheshire, England",Recorded Aug 25 2018
1279,2018-09-08,Jeremy Underground,,,,,
1280,2018-09-15,Ricardo Villalobos,,,,"Amnesia, Ibiza, Spain",Nominated for EMOTY
1281,2018-09-22,Tiga,,,,,
1282,2018-09-29,HAAi,,2018,,,
1283,2018-10-06,Subjective (Goldie & James Davidson),,,,,
1284,2018-10-13,Maceo Plex (as Mariel Ito),,,,,
1285,2018-10-20,"Pete Tong, Eats Everything, The Martinez Brothers",,,,"The Warehouse Project, Manchester",Recorded Sep 28 2018
1286.01,2018-10-27,Danny Howard & Pete Tong,,,,,The Essential Mix at 25
1286.02,2018-10-27,Shy FX,,,,,The Essential Mix at 25
1286.03,2018-10-27,Krystal Klear,,,,,The Essential Mix at 25
1286.04,2018-10-27,Paul Woolford,,,,,The Essential Mix at 25
1286.05,2018-10-27,Derrick May,,,,,The Essential Mix at 25
1286.06,2018-10-27,The Black Madonna,,,,,The Essential Mix at 25
1286.07,2018-10-27,Derrick Carter,,,,,The Essential Mix at 25
1286.08,2018-10-27,Heidi,,,,,The Essential Mix at 25
1286.09,2018-10-27,Patrick Topping,,,,,The Essential Mix at 25
1286.1,2018-10-27,Skream,,,,,The Essential Mix at 25
1286.11,2018-10-27,Nicole Moudaber,,,,,The Essential Mix at 25
1286.12,2018-10-27,Erol Alkan,,,,,The Essential Mix at 25
1286.13,2018-10-27,Slam,,,,,The Essential Mix at 25
1287,2018-10-27,Paul Oakenfold,,,,,The Essential Mix at 25
1288,2018-11-03,"Chase & Status, Dynamite MC",,,,,
1289,2018-11-10,Friction,,,,,
1290,2018-11-17,Agoria,,,,,Nominated for EMOTY
1291,2018-11-24,Mella Dee,,,,,
1292,2018-12-01,Rüfüs Du Sol,,,,,
1293,2018-12-08,Shanti Celeste,,,,,
1294,2018-12-15,Motor City Drum Ensemble,,,,,
1295,2018-12-22,Kölsch,,,,,
1296,2019-01-05,Simon Dunmore,,,,,
1297,2019-01-12,ANNA,,,,,
1298,2019-01-19,DJ Lag,,,,,
1299,2019-01-26,DJ Deeon,,,,,
1300,2019-02-02,Melé,,,,,
1301,2019-02-09,Josey Rebelle,,2019,,,
1302,2019-02-16,Illyus & Barrientos,,,,,
1303,2019-02-23,Jayda G,,,,,
1304,2019-03-02,DJ Stingray,,,,,
1305,2019-03-09,Shlohmo,,,,,
1306,2019-03-16,Lee Burridge,,,,,
1307,2019-03-23,Testpilot / deadmau5,,,,,
1308,2019-03-30,"Chris Liebing, Charlotte De Witte, Themba & Melé",,,,"Miami Music WeekMiami, Florida",
1309,2019-04-06,Catz 'N Dogz,,,,,
1310,2019-04-13,The Chemical Brothers,,,,,Nominated for EMOTY
1311,2019-04-20,Paula Temple,,,,,
1312,2019-04-29,Kerri Chandler,,,,"BBC Maida Vale Studios, Maida Vale, London",
1313,2019-05-04,Ben Nicky,,,,,
1314,2019-05-11,Hot Since 82,,,,,
1315,2019-05-18,Lena Willikens,,,,,Nominated for EMOTY
1316,2019-05-25,Boris Brejcha,,,,,
1317,2019-06-01,Andy C,,,,,
1318,2019-06-08,Alesso,,,,,
1319,2019-06-15,Harry Romero,,,,,
1320,2019-06-22,KDA,,,,,
1321,2019-06-29,"Chemical Brothers, Four Tet",,,,"Glastonbury FestivalSomerset, England",Glastonbury Rewind
1322,2019-07-06,Sama',,,,,
1323,2019-07-13,ARTBAT,,,,,
1324,2019-07-20,Kasra,,,,,
1325,2019-07-27,Cassius,,,,,
1326,2019-08-03,Erick Morillo & De La Swing,Live,,,"Elrow, Ibiza, Spain",
1327,2019-08-10,Andrea Oliva & Maya Jane Coles,Live,,,"ANTS, Ushuaïa Ibiza Beach Hotel, Ibiza, Spain",
1328,2019-08-17,Holy Goof,,,,,
1329,2019-08-24,Rezz,,,,,
1330,2019-08-31,Adana Twins,,,,,
1331,2019-09-07,Moxie,,,,,
1332,2019-09-14,Paranoid London,,,,,
1333,2019-09-21,Nicole Moudaber,,,,,
1334,2019-09-28,Sam Divine,,,,,
1335,2019-10-05,DJ Seinfeld,,,,,
1336,2019-10-12,TNGHT,,,,,Nominated for EMOTY
1337,2019-10-19,Deborah de Luca,,,,,
1338,2019-10-26,Dimension,,,,,
1339,2019-11-02,Krystal Klear,,,,,
1340,2019-11-09,Cinthie,,,,,
1341,2019-11-16,Luke Slater,,,,,
1342,2019-11-23,Danny Tenaglia,,,,,
1343,2019-11-30,Route 94,,,,,
1344,2019-12-07,Courtesy,,,,,
1345,2019-12-14,Joris Voorn,,,,,
1346,2019-12-28,Leftwing : Kody,,,,,
1347,2020-01-04,Skream,,,,,
1348,2020-01-11,Barely Legal,,,,,
1349,2020-01-18,Archie Hamilton,,,,,
1350,2020-01-25,Fisher,,,,,
1351,2020-02-01,dBridge,,,,,
1352,2020-02-08,Carista,,,,,Nominated for EMOTY
1353,2020-02-15,Claude Von Stroke,,,,,
1354,2020-02-29,Caribou,,,,,
1355,2020-03-07,Bedouin,,,,,
1356,2020-03-14,Nocturnal Sunshine,,,,,
1357,2020-03-21,Chaos in the CBD,,,,,
1358,2020-03-28,Jamie Jones,,,,,
1359,2020-04-04,Amelie Lens,,,,,Extended 4h mix
1360,2020-04-18,Seb Wildblood,,,,,
1361,2020-04-25,Jamie xx,,,,,Nominated for EMOTY
1362,2020-05-02,Bjarki,,,,,
1363,2020-05-09,Duke Dumont,,,,,
1364,2020-05-16,Ryan Elliott,,,,,
1365,2020-05-30,Paco Osuna,,,,,
1366,2020-06-06,Objekt (TJ Hertz),,,,,
1367,2020-06-13,DJ Boring,,,,,
1368,2020-06-20,Michael Bibi,,,,,
1369,2020-07-04,Black Coffee,,,,"Hï Ibiza, Ibiza, Spain",
1370,2020-07-11,William Djoko,,,,"DC10, Ibiza, Spain",
1371,2020-07-18,Ricardo Villalobos B2B Raresh,,,,"Amnesia, Ibiza, Spain",Recorded in 2018
1372,2020-07-25,Claptone,,,,"Pacha, Ibiza, Spain",
1373,2020-08-01,Carl Cox,,,,,
1374,2020-08-08,Low Steppa,,,,,
1375,2020-08-15,object blue,,,,,
1376,2020-08-22,Rebüke,,,,,
1377,2020-08-29,Hybrid Minds,,,,,
1378,2020-09-05,Studio Barnhus,,,,,Pete Tong confirms episode number
1379,2020-09-12,Kevin Saunderson,,,,,
1380,2020-09-19,Keinemusik,,,,,
1381,2020-09-26,Jessy Lanza,,,,,
1382,2020-10-03,Mathame,,,,,Nominated for EMOTY
1383,2020-10-10,Sub Focus & Wilkinson,,,,,
1384,2020-10-17,Bonobo & Totally Enormous Extinct Dinosaurs,,,,,
1385,2020-10-24,Bradley Zero,,,,,
1386,2020-10-31,CamelPhat,Live,,,"Printworks, London, England",Live Set
1387,2020-11-07,Or:la,,,,,
1388,2020-11-14,Sherelle,,2020,,,
1389,2020-11-21,Hannah Wants,,,,,
1390,2020-11-28,Doc Scott,,,,,
1391,2020-12-05,Nicola Cruz,,,,,
1392,2020-12-12,Duck Sauce,,,,,
1393,2020-12-19,Franky Wah,,,,,
1394,2021-01-02,AceMoMA,,,,,Nominated for EMOTY
1395,2021-01-09,TSHA,,,,,
1396,2021-01-16,Cristoph,,,,,
1397,2021-01-23,Vintage Culture,,,,,
1398,2021-01-30,Sven Väth,,,,,20 Years of Cocoon Records
1399,2021-02-06,Ikonika,,,,,
1400,2021-02-13,Kelly Lee Owens,,,,,
1401,2021-02-20,SG Lewis,,,,,
1402,2021-02-27,Spencer Parker,,,,,
1403,2021-03-06,Silk City (Mark Ronson & Diplo),,,,,
1404,2021-03-13,Luke Vibert,,,,,
1405,2021-03-20,Oneohtrix Point Never,,,,,
1406,2021-03-27,Logic1000,,,,,
1407,2021-04-03,Bronson,,,,,
1408,2021-04-17,Ida Engberg,,,,,
1409,2021-04-24,Jamz Supernova,,,,,
1410,2021-05-01,Batu,,,,,
1411,2021-05-08,Mind Against,,,,,
1412,2021-05-15,Skee Mask,,,,,
1413,2021-05-22,Nathan Micay,,,,,
1414,2021-05-29,House Gospel Choir & Friends,,,,,
1415,2021-06-05,Enrico Sangiuliano,,,,,
1416,2021-06-12,London Grammar,,,,,
1417,2021-06-19,Jodie Harsh,,,,,
1418,2021-06-26,Prospa,,,,,
1419,2021-07-03,Folamour,,,,,
1420,2021-07-10,India Jordan,,,,,
1421,2021-07-17,Eli & Fur,,,,,
1422,2021-07-24,Jax Jones,,,,,
1423,2021-07-31,Nu:Tone,,,,,
1424,2021-08-07,Yousef & Paul Woolford,Live,,,"Circus, Liverpool",
1425,2021-08-08,Carl Cox,Live,,,"Shindig, Newcastle upon Tyne, England",
1426,2021-08-14,WhoMadeWho,,,,,
1427,2021-08-21,VTSS,,,,,
1428,2021-08-28,Boys Noize,,,,,
1429,2021-09-04,Cormac,,,,,
1430,2021-09-11,Eclair Fifi,,,,,Nominated for EMOTY
1431,2021-09-18,Charlotte de Witte,,,,,
1432,2021-09-25,Ben UFO,,,,,Nominated for EMOTY
1433,2021-10-02,Themba,,,,,
1434,2021-10-09,Ben Böhmer,,,,,
1435,2021-10-16,Cinthie & Luuk van Dijk,,,,"Amsterdam Dance Event, Amsterdam, Netherlands",
1436,2021-10-23,LSDXOXO,,,,,
1437,2021-10-29,Overmono,,,,,Nominated for EMOTY
1438,2021-11-06,Ross From Friends,,,,,
1439,2021-11-13,Elkka,,2021,,,
1440,2021-11-20,Sam Paganini,,,,,
1441,2021-11-27,Culture Shock,,,,,
1442,2021-12-04,Saoirse,,,,,
1443,2021-12-18,Alan Fitzpatrick,,,,,
1444,2022-01-08,Innellea,,,,,
1445,2022-01-15,Tim Reaper,,,,,
1446,2022-01-22,Stephan Bodzin,,,,,
1447,2022-01-29,DJ Minx,,,,,
1448,2022-02-05,Kampire,,,,,
1449,2022-02-12,Alok,,,,,
1450,2022-02-19,BURNS,,,,,
1451,2022-02-26,Jennifer Cardini,,,,,
1452,2022-03-05,Soichi Terada,,,,,Nominated for EMOTY
1453,2022-03-12,SPFDJ,,,,,
1454,2022-03-19,Diplo,,,,,
1455,2022-03-26,HVOB,,,,,
1456,2022-04-02,Job Jobse,,,,,Nominated for EMOTY
1457,2022-04-09,Sofia Kourtesis,,,,,
1458,2022-04-16,Frankey & Sandrino,,,,,
1459,2022-04-23,Ben Sims,,,,,
1460,2022-04-30,Jimi Jules,,,,,
1461,2022-05-07,Seth Troxler,,,,,
1462,2022-05-14,I Hate Models,,,,,
1463,2022-05-21,Secretsundaze,,,,,
1464,2022-05-28,Lilly Palmer,,,,,
1465,2022-06-04,Lil Silva,,,,,
1466,2022-06-11,Dan Shake,,,,,
1467,2022-06-18,Fideles,,,,,
1468.1,2022-07-02,Bonobo,,,"https://www.mixesdb.com/w/2022-06-24_-_Bonobo_@_Glastonbury_Festival_(Essential_Mix,_2022-07-02)","Glastonbury Festival, Gas Tower Stage, Shangri-La, Somerset, England",
1468.2,2022-07-02,ABSOLUTE,,,"https://www.mixesdb.com/w/2022-06-29_-_ABSOLUTE._@_Glastonbury_Festival_(Essential_Mix,_2022-07-02)","Glastonbury Festival, Gas Tower Stage, Shangri-La, Somerset, England",
1469,2022-07-09,KH (Kieran Hebden aka Four Tet),,2022,https://www.mixesdb.com/w/2022-07-09_-_KH_-_Essential_Mix,,
1470,2022-07-16,Héctor Oaks,,,https://www.mixesdb.com/w/2022-07-16_-_H%C3%A9ctor_Oaks_-_Essential_Mix,,
1471,2022-07-23,Theo Kottis,,,https://www.mixesdb.com/w/2022-07-23_-_Theo_Kottis_-_Essential_Mix,,
1472,2022-07-30,Vintage Culture,,,"https://www.mixesdb.com/w/2022-07-27_-_Vintage_Culture_@_H%C3%AF_Ibiza_(Essential_Mix,_2022-07-30)","Hï Ibiza, Ibiza, Spain",Recorded 2022-07-27
1473,2022-07-31,Marco Faraone B2B Eats Everything,,,"https://www.mixesdb.com/w/2022-05-22_-_Marco_Faraone_b2b_Eats_Everything_@_Amnesia,_Ibiza_(Essential_Mix,_2022-07-31)","Amnesia, Ibiza, Spain",
1474,2022-08-06,Swedish House Mafia,,,"https://www.mixesdb.com/w/2022-07-17_-_Swedish_House_Mafia_@_Ushua%C3%AFa,_Ibiza_(Essential_Mix,_2022-08-06)","Ushuaïa Ibiza Beach Hotel, Ibiza, Spain",
1475,2022-08-13,Mall Grab,,,,,
1476,2022-08-20,Bklava,,,,,
1477,2022-08-27,Kings of the Rollers,,,,,Nominated for EMOTY
1478,2022-09-03,Anastasia Kristensen,,,,,Nominated for EMOTY
1479,2022-09-17,LP Giobbi,,,,,
1480,2022-09-24,Chloé Robinson,,,,,
1481,2022-10-01,Ben Hemsley,,,,,
1482,2022-10-08,Dubfire,,,,,
1483,2022-10-15,Antal,,,,,
1484,2022-10-22,KETTAMA,,,,,
1485,2022-10-29,East End Dubs,,,,,
1486,2022-11-05,Bou,,,,,
1487,2022-11-12,Scratchclart (aka Scratcha DVA),,,,,
1488,2022-11-19,Honey Dijon,,,,,
1489,2022-12-03,Marcel Dettmann,,,,,
1490,2022-12-17,Carl Cox HYBRID,,,,,
1491,2022-12-24,2manydjs,,,,,
1492,2023-01-07,Kai Campos: Mount Kimbie,,,,,
1493,2023-01-14,Indira Paganotto,,,,,
1494,2023-01-21,Eli Escobar,,,,,
1495,2023-01-28,Conducta,,,,,
1496,2023-02-04,Nia Archives,,,,,
1497,2023-02-11,Kx5,,,,,
1498,2023-02-18,DJ Paulette,,,,,
1499,2023-02-25,John Summit,,,,,
1500,2023-03-04,lau.ra,,,,,
1501,2023-03-11,Shermanology,,,,,
1502,2023-03-18,Moderat,,,,,
1503,2023-03-25,Major Lazer x Major League DJz,,,,,
1504,2023-04-01,Anfisa Letyago,,,,,
1505,2023-04-08,Ahadadream,,,,,
1506,2023-04-15,Surgeon,,,,,
1507,2023-04-22,Jyoty,,,,,
1508,2023-04-29,Black Coffee,,,,"Printworks, London, England",Final EM at Printworks before its closure on May 1
1509,2023-05-06,Damian Lazarus,,,https://www.mixesdb.com/w/2023-05-06_-_Damian_Lazarus_-_Essential_Mix,,
1510,2023-05-13,Sub Focus,,,https://www.mixesdb.com/w/2023-05-13_-_Sub_Focus_-_Essential_Mix,,
1511,2023-05-20,999999999 (Nine Nines),,,https://www.mixesdb.com/w/2023-05-20_-_999999999_-_Essential_Mix,,
1512,2023-05-27,ANNA,,,,,
1513,2023-06-03,FJAAK,,,,,
1514,2023-06-10,GORDO,,,,,
1515,2023-06-17,SBTRKT,,,,,
1516.1,2023-06-24,Salute,Live,,"https://www.mixesdb.com/w/2023-06-23_-_Salute,_Annie_Mac,_The_Blessed_Madonna_@_Glastonbury_(Essential_Mix,_2023-06-24)","Glastonbury Festival, Somerset, England",
1516.2,2023-06-24,Annie Mac,Live,,"https://www.mixesdb.com/w/2023-06-23_-_Salute,_Annie_Mac,_The_Blessed_Madonna_@_Glastonbury_(Essential_Mix,_2023-06-24)","Glastonbury Festival, Somerset, England",
1516.3,2023-06-24,The Blessed Madonna,Live,,"https://www.mixesdb.com/w/2023-06-23_-_Salute,_Annie_Mac,_The_Blessed_Madonna_@_Glastonbury_(Essential_Mix,_2023-06-24)","Glastonbury Festival, Somerset, England",
1517,2023-07-01,Young Marco,,,,,
1518,2023-07-08,Yaeji,,,,,
1519,2023-07-15,DJ Marky,,,https://www.mixesdb.com/w/2023-07-15_-_DJ_Marky_-_Essential_Mix,,
1520,2023-07-22,Chippy Nonstop,,,,,
1521,2023-07-29,Chloé Caillet,,,,,
1522,2023-08-05,Butch,,,https://www.mixesdb.com/w/2023-08-05_-_Butch_-_Essential_Mix,,
1523,2023-08-12,Hannah Laing,,,https://www.mixesdb.com/w/2023-08-12_-_Hannah_Laing_-_Essential_Mix,,
1524,2023-08-19,DJ Bone,,,https://www.mixesdb.com/w/2023-08-19_-_DJ_Bone_-_Essential_Mix,,
1525,2023-08-26,Rudimental,,,https://www.mixesdb.com/w/2023-08-26_-_Rudimental_-_Essential_Mix,,
1526,2023-09-02,Eats Everything,,,https://www.mixesdb.com/w/2023-09-02_-_Eats_Everything_-_Essential_Mix,,
1527,2023-09-09,Mura Masa,,,https://www.mixesdb.com/w/2023-09-09_-_Mura_Masa_-_Essential_Mix,,
1528,2023-09-16,CamelPhat,,,https://www.mixesdb.com/w/2023-09-16_-_CamelPhat_-_Essential_Mix,,
1529,2023-09-23,Massano,,,,,
1530,2023-09-30,Eliza Rose,,,,,
1531,2023-10-07,Dom Dolla,,,,,
1532,2023-10-14,Pangaea,,,https://www.mixesdb.com/w/2023-10-14_-_Pangaea_-_Essential_Mix,,
1533,2023-10-21,Barry Can't Swim,,,,,
1534,2023-10-28,DJ Nobu,,,,,
1535,2023-11-04,DJ Heartstring,,,,,
1536,2023-11-11,ARTBAT,,,,,
1537,2023-11-18,Reinier Zonneveld,,,,,
1538,2023-11-25,Lauren Lo Sung,,,https://www.mixesdb.com/w/2023-11-25_-_Lauren_Lo_Sung_-_Essential_Mix,,
1539,2024-01-06,O'Flynn,,,,,
1540,2024-01-13,Actress,,,,,
1541,2024-01-20,DJ Python,,,,,
1542,2024-01-27,James Hype,,,https://www.mixesdb.com/w/2024-01-27_-_James_Hype_-_Essential_Mix,,
1543,2024-02-03,Evian Christ,,,https://www.mixesdb.com/w/2024-02-03_-_Evian_Christ_-_Essential_Mix,,
1544,2024-02-10,Miss Monique,,,https://www.mixesdb.com/w/2024-02-10_-_Miss_Monique_-_Essential_Mix,,
1545,2024-02-17,Tinlicker,,,https://www.mixesdb.com/w/2024-02-17_-_Tinlicker_-_Essential_Mix,,
1546,2024-02-24,Jubilee,,,https://www.mixesdb.com/w/2024-02-24_-_Jubilee_-_Essential_Mix,,
1547,2024-03-02,Ben Rau,,,https://www.mixesdb.com/w/2024-03-02_-_Ben_Rau_-_Essential_Mix,,
1548,2024-03-09,Paramida,,,https://www.mixesdb.com/w/2024-03-09_-_Paramida_-_Essential_Mix,,
1549,2024-03-16,Argy,,,https://www.mixesdb.com/w/2024-03-16_-_Argy_-_Essential_Mix,,
1550,2024-03-23,Desiree,,,https://www.mixesdb.com/w/2024-03-23_-_Desiree_-_Essential_Mix,,
1551,2024-03-30,DJ Seinfeld & Maceo Plex,Live,,"https://www.mixesdb.com/w/2024-03-30_-_DJ_Seinfeld_%26_Maceo_Plex_@_Drumsheds,_London_(Essential_Mix)","R1 Dance, Drumsheds, London, England",