INDEX,NAME,MAKE,YEAR,MODEL
1,Safariz' 370,Forsberg Racing,2014,Nissan 'SafariZ' 370Z Safari Rally Tribute
2,#1 Evolution TA,Mitsubishi,2005,#1 Sierra Sierra Enterprises Lancer Evolution Time Attack
3,#100 Lynk&Co 03,Lynk & Co,2020,#100 Cyan Racing 03
4,#11 Ford F-150,Ford,2014,#11 Rockstar F-150 Trophy Truck
5,#1107 VW Bug,Volkswagen,1970,#1107 Deser Dingo Racing Stock Bug
6,#122 AC Class 1,Alumnicraft,2021,#122 Class 1 Buggy
7,#125 Extreme E,Extreme E,2022,#125 ABT Cupra XE
8,#13 Ford Mustang,Formula Drift,2015,#13 Ford Mustang
9,#14 Ford Fiesta,Ford,2017,#14 Rahal Letterman Lanigan Racing Fiesta
10,#151 FD Supra,Formula Drift,2020,#151 Toyota GR Supra
11,#179 Hammerhead,Jimco,2020,#179 Hammerhead Class 1
12,#185 Porsche 959,Porsche,1985,#185 959 Prodrive Rally Raid
13,#2 Audi S1,Audi,1986,#2 Audi Sport quattro S1
14,#2 Ford GT40,Ford,1966,#2 GT40 MK II
15,#20 MG MG6,MG,2020,#20 MG6 XPower
16,#2069 Bronco R,Ford,2020,#2069 Ford Performance Bronco R
17,#22 Extreme E,Extreme E,2022,#22 JBXE
18,#23 Extreme E,Extreme E,2022,#23 Genesys Andretti United
19,#23 Nissan RR,Nissan,2004,Pickup #23 Rally Raid
20,#23 Porsche 917,Porsche,1971,#23 917/20
21,#23 SIERRA ALPHA,SIERRA Cars,2020,#23 Yokohama ALPHA
22,#24 Ferrari P4,Ferrari,1967,#24 Ferrari Spa 330 P4
23,#24 M-B Truck,Mercedes-Benz,2015,#24 Tankpool24 Racing Truck
24,#24 M-B Truck FE,Mercedes-Benz,2015,#24 Tankpool24 Racing Truck Forza Edition
25,#240 Jimco TT,Jimco,2019,#240 Fastball Racing Spec Trophy Truck
26,#25 Ferrari 488,Ferrari,2017,#25 Corse Clienti 488 Challenge
27,#25 Ford Bronco,Ford,2017,"#25 ""Brocky"" Ultra4 Bronco RTR"
28,#25 RTR Mustang,Ford,2018,#25 Mustang RTR
29,#3 Chevy C8.R,Chevrolet,2020,#3 Corvette Racing C8.R
30,#34 Toyota Supra,Formula Drift,1995,#34 Toyota Supra MKIV
31,#34 VW Beetle,Volkswagen,2017,#34 Andretti Beetle
32,#357 Corvette,Formula Drift,2017,#357 Chevrolet Corvette Z06
33,#37 Pro 2 Truck,RJ Anderson,2016,#37 Polaris RZR-Rockstar Energy Pro 2 Truck
34,#37 Pro 4 Truck,RJ Anderson,2021,#37 Polaris RZR Pro 4 Truck
35,#4 Ford Focus,Ford,2001,#4 Ford Focus RS
36,#411 FD Corolla,Formula Drift,2019,#411 Toyota Corolla Hatchback
37,#42 Extreme E,Extreme E,2022,#42 XITE Racing Team
38,#43 Dodge Viper,Formula Drift,2006,#43 Dodge Viper SRT10
39,#44 Extreme E,Extreme E,2022,#44 X44
40,#4402 Ultra 4,Casey Currie Motorsports,2019,#4402 Ultra 4 'Trophy Jeep'
41,#5 Escort '77,Ford,1977,#5 Escort RS1800 MKII
42,#5 Extreme E,Extreme E,2022,#5 Veloce Racing
43,#51 Nissan 240SX,Formula Drift,1996,#51 Donut Media Nissan 240SX
44,#530 HSV Maloo,Formula Drift,2016,#530 HSV Maloo Gen-F
45,#55 Extreme E,Extreme E,2022,#55 ACCIONA | Sainz XE Team
46,#58 Extreme E,Extreme E,2022,#58 McLaren Racing
47,#6 Extreme E,Extreme E,2022,#6 Rosberg X Racing
48,#6 Lola T70,Lola,1969,#6 Penske Sunoco T70 MKIIIB
49,#6165 Truck,Alumnicraft,2022,#6165 Trick Truck
50,#63 Lambo Trofeo,Lamborghini,2018,#63 Squadra Corse Huracán Super Trofeo Evo
51,#64 Nissan 370Z,Formula Drift,2018,#64 Nissan 370Z
52,#64 Nissan Z,Formula Drift,2023,#64 Forsberg Racing Nissan Z
53,#65 911 Desert,Porsche,1989,"#65 Rothsport Racing 911 ""Desert Flyer"""
54,#66 Ford GT,Ford,2016,GT #66 GTLM Le Mans
55,#70 Porsche 935,Porsche,2019,#70 Porsche Motorsport 935
56,#777 Corvette,Formula Drift,2013,#777 Chevrolet Corvette
57,#777 Nissan 240,Formula Drift,1997,#777 Nissan 240SX
58,#88 RTR Mustang,Ford,2018,#88 Mustang RTR
59,#91 BMW M2,Formula Drift,2020,#91 BMW M2
60,#92 Porsche RSR,Porsche,2017,#92 Porsche GT Team 911 RSR
61,#98 BMW 325i,Formula Drift,1989,#98 BMW 325i
62,#98 Elantra,Hyundai,2021,#98 Bryan Herta Autosport Elantra N
63,#99 Extreme E,Extreme E,2022,#99 Chip Ganassi Racing GMC HUMMER EV
64,#99 Mazda RX-8,Formula Drift,2009,#99 Mazda RX-8
65,2JetZ,Hot Wheels,2018,2JetZ
66,350Z Hi Car,Nissan,2003,Donut Media 350Z 'Hi Car'
67,350Z Low Car,Nissan,2004,Donut Media 350Z 'Low Car'
68,488 Pista '19,Ferrari,2019,488 Pista
69,650S Spider,McLaren,2014,650S Spider
70,720S Spider,McLaren,2019,720S Spider
71,911 GT2 '95,Porsche,1995,911 GT2
72,911 GT2 RS '12,Porsche,2012,911 GT2 RS
73,911 GT2 RS '18,Porsche,2018,911 GT2 RS
74,911 GT3 '04,Porsche,2004,911 GT3
75,911 GT3 '21,Porsche,2021,911 GT3
76,911 GT3 R '23,Porsche,2023,911 GT3 R
77,911 GT3 RS '16,Porsche,2016,911 GT3 RS
78,911 GT3 RS '19,Porsche,2019,911 GT3 RS
79,911 GT3 RS FE,Porsche,2019,911 GT3 RS Forza Edition
80,911 GT3 RS4 '12,Porsche,2012,911 GT3 RS 4.0
81,911 Speedster,Porsche,2019,911 Speedster
82,911 Turbo '14,Porsche,2014,911 Turbo S
83,911 Turbo '82,Porsche,1982,911 Turbo 3.3
84,911 Turbo S '23,Porsche,2023,911 Turbo S
85,Abarth 124 '17,Abarth,2017,124 Spider
86,Abarth 131,Abarth,1980,Fiat 131
87,Abarth 595 '68,Abarth,1968,Abarth 595 esseesse
88,Abarth 695 '16,Abarth,2016,695 Biposto
89,Acura Integra,Acura,2001,Integra Type R
90,Acura NSX '17,Acura,2017,NSX
91,Acura RSX,Acura,2002,RSX Type S
92,Agera RS,Koenigsegg,2017,Agera RS
93,Alfa Giulia '17,Alfa Romeo,2017,Giulia Quadrifoglio
94,Alfa Romeo 155,Alfa Romeo,1992,155 Q4
95,Alfa Romeo 33S,Alfa Romeo,1968,33 Stradale
96,Alfa Romeo 4C,Alfa Romeo,2014,4C
97,Alfa Romeo 8C,Alfa Romeo,2007,8C Competizione
98,Alfa Romeo GTA,Alfa Romeo,1965,Giulia Sprint GTA Stradale
99,Alfa Romeo TZ2,Alfa Romeo,1965,Giulia TZ2
100,Alpine A110 '17,Alpine,2017,A110
101,Alpine A110 '73,Alpine,1973,A110 1600S
102,Altimaniac,Forsberg Racing,2021,Nissan 'Altimaniac'
103,Alumni Craft C. 10,Alumnicraft,2015,Class 10 Race Car
104,AM DB11,Aston Martin,2017,DB11
105,AM DB5,Aston Martin,1964,DB5
106,AM DBR1,Aston Martin,1958,DBR1
107,AM DBS,Aston Martin,2008,DBS
108,AM DBS SL '19,Aston Martin,2019,DBS Superleggera
109,AM DBX '21,Aston Martin,2021,DBX
110,AM Lagonda '90,Aston Martin,1990,Lagonda
111,AM One-77,Aston Martin,2010,One-77
112,AM Valkyrie,Aston Martin,2023,Valkyrie
113,AM Valkyrie AMR,Aston Martin,2022,Valkyrie AMR Pro
114,AM Vanquish '17,Aston Martin,2017,Vanquish
115,AM Vantage '16,Aston Martin,2016,Vantage GT12
116,AM Vantage '19,Aston Martin,2019,Vantage
117,AM Vulcan AMR,Aston Martin,2017,Vulcan AMR Pro
118,AMC Gremlin,AMC,1973,Gremlin X
119,AMC Javelin,AMC,1971,Javelin AMX
120,AMC Rebel,AMC,1970,"Rebel ""The Machine"""
121,AMG GT Black,Mercedes-AMG,2021,GT Black Series
122,AMG Hammer Coupe,Mercedes-Benz,1987,AMG Hammer Coupe
123,AMG Hammer Wagon,Mercedes-Benz,1987,AMG Hammer Wagon
124,Apollo IE '18,Apollo,2018,Intensa Emozione
125,Apollo IE WP,Apollo,2018,"Intensa Emozione ""Welcome Pack"""
126,Ariel Atom,Ariel,2013,Atom 500 V8
127,Ariel Nomad,Ariel,2016,Nomad
128,Ascari KZ1R,Ascari,2012,KZ1R
129,ATS GT '18,ATS,2018,GT
130,Audi quattro,Audi,1983,Sport quattro
131,Audi R8 '13,Audi,2013,R8 Coupé V10 Plus 5.2 FSI Quattro
132,Audi R8 V10 plus,Audi,2016,R8 V10 plus
133,Audi RS 3,Audi,2011,RS 3 Sportback
134,Audi RS 3 '20,Audi,2020,RS 3 Sedan
135,Audi RS 4 '01,Audi,2001,RS 4 Avant
136,Audi RS 4 '06,Audi,2006,RS 4
137,Audi RS 4 '13,Audi,2013,RS 4 Avant
138,Audi RS 5,Audi,2011,RS 5 Coupé
139,Audi RS 5 '18,Audi,2018,RS 5 Coupe
140,Audi RS 6 '03,Audi,2003,RS 6
141,Audi RS 6 '09,Audi,2009,RS 6
142,Audi RS 6 '15,Audi,2015,RS 6 Avant
143,Audi RS 6 '21,Audi,2021,RS 6 Avant
144,Audi RS 7,Audi,2013,RS 7 Sportback
145,Audi RS 7 '21,Audi,2021,RS 7 Sportback
146,Audi RS e-tron,Audi,2021,RS e-tron GT
147,Audi RS2 '95,Audi,1995,Avant RS2
148,Audi S1,Audi,2015,S1
149,Audi TT RS,Audi,2010,TT RS Coupé
150,Audi TT RS '18,Audi,2018,TT RS
151,Audi TT RS '20,Audi,2020,TT RS Coupe
152,Audi TTS,Audi,2015,TTS Coupé
153,AutoUnion Type D,Auto Union,1939,Type D
154,Autozam AZ-1 '93,Autozam,1993,AZ-1
155,Aventador '12,Lamborghini,2012,Aventador LP700-4
156,Aventador '16,Lamborghini,2016,Aventador Superveloce
157,Aventador J,Lamborghini,2012,Aventador J
158,Aventador SVJ,Lamborghini,2018,Aventador SVJ
159,BAC Mono,BAC,2014,Mono
160,Baja Bone Shaker,Hot Wheels,2013,Baja Bone Shaker
161,Barbie Corvette,Chevrolet,1956,Barbie Movie' Corvette EV
162,Barbie HUMMER EV,GMC,2022,Barbie Movie' HUMMER EV Pickup
163,Barracuda,Plymouth,1968,Barracuda Formula-S
164,Battista '20,Automobili Pininfarina,2020,Battista
165,Beetle '63 FE,Volkswagen,1963,Beetle Forza Edition
166,Belvedere '64,Plymouth,1964,Belvedere
167,Bentley 8 Litre,Bentley,1930,8 Litre
168,Bentley Bentayga,Bentley,2016,Bentayga
169,Bentley Blower,Bentley,1930,Blower 4-1/2 Litre Supercharged
170,Bentley Cont '17,Bentley,2017,Continental Supersports
171,Bentley Cont GTC,Bentley,2021,Continental GT Convertible
172,Bentley Turbo R,Bentley,1991,Turbo R
173,BMW #1 M8,BMW,2018,#1 BMW M Motorsport M8 GTE
174,BMW 1M,BMW,2011,1 Series M Coupe
175,BMW 850CSi,BMW,1995,850CSi
176,BMW E92 M3 GTS,BMW,2010,M3 GTS
177,BMW i4 '22,BMW,2022,i4 eDrive40
178,BMW i8,BMW,2015,i8
179,BMW Isetta,BMW,1957,Isetta 300 Export
180,BMW iX '22,BMW,2022,iX xDrive50
181,BMW M1,BMW,1981,M1
182,BMW M2,BMW,2016,M2 Coupé
183,BMW M2 '23,BMW,2023,M2
184,BMW M3-GTR,BMW,2002,M3-GTR
185,BMW M3 '05,BMW,2005,M3
186,BMW M3 '08,BMW,2008,M3
187,BMW M3 '21,BMW,2021,M3 Competition Sedan
188,BMW M3 '91,BMW,1991,M3
189,BMW M3 '97,BMW,1997,M3
190,BMW M4 '14,BMW,2014,M4 Coupe
191,BMW M4 '16,BMW,2016,M4 GTS
192,BMW M4 '21,BMW,2021,M4 Competition Coupé
193,BMW M5 '03,BMW,2003,M5
194,BMW M5 '09,BMW,2009,M5
195,BMW M5 '12,BMW,2012,M5
196,BMW M5 '18,BMW,2018,M5
197,BMW M5 '22,BMW,2022,M5
198,BMW M5 '88,BMW,1988,M5
199,BMW M5 '95,BMW,1995,M5
200,BMW M6 '13,BMW,2013,M6 Coupe
201,BMW M6 '86,BMW,1986,M6
202,BMW M8 Comp,BMW,2020,M8 Competition Coupe
203,BMW X5 M,BMW,2011,X5 M
204,BMW X5M FE,BMW,2011,X5 M Forza Edition
205,BMW X6 M,BMW,2015,X6 M
206,BMW Z3,BMW,2002,Z3 M Coupe
207,BMW Z4 '08,BMW,2008,Z4 M Coupe
208,BMW Z4 '19,BMW,2019,Z4 Roadster
209,Bone Shaker,Hot Wheels,2011,Bone Shaker
210,Brabham BT62,Brabham,2019,BT62
211,Bronco R WP,Ford,2020,"#2069 Ford Bronco R ""Welcome Pack"""
212,Bronco Raptor,Ford,2022,Bronco Raptor
213,BTTF 1 TM,Universal Studios,1981,Back to the Future Time Machine 1
214,BTTF 2 TM,Universal Studios,1981,Back to the Future Time Machine 2
215,BTTF 3 TM,Universal Studios,1981,Back to the Future Time Machine 3
216,Bugatti Chiron,Bugatti,2018,Chiron
217,Bugatti Divo,Bugatti,2019,Divo
218,Bugatti EB110,Bugatti,1992,EB110 Super Sport
219,Bugatti T35 C,Bugatti,1926,Type 35 C
220,Bugatti Veyron,Bugatti,2011,Veyron Super Sport
221,Buick GSX,Buick,1970,GSX
222,Buick Regal GNX,Buick,1987,Regal GNX
223,C10 Slayer '65,Deberti,1965,Chevrolet C-10 'Slayer'
224,Caddy ATS-V,Cadillac,2016,ATS-V
225,Caddy CTS-V '16,Cadillac,2016,CTS-V Sedan
226,Caddy Limo,Cadillac,2013,XTS Limousine
227,Cadillac #3 ATS,Cadillac,2015,#3 Cadillac Racing ATS-V.R
228,Cadillac CT4-V,Cadillac,2022,CT4-V Blackwing
229,Cadillac CT5-V,Cadillac,2022,CT5-V Blackwing
230,Camaro ME '69,Chevrolet,1969,Camaro Jordan Luka 3 Motorsport Edition
231,Can-Am Maverick,Can-Am,2018,Maverick X RS Turbo R
232,Caterham R500,Caterham,2013,Superlight R500
233,Cayman GT4 RS,Porsche,2022,718 Cayman GT4 RS
234,Challenger '15,Dodge,2015,Challenger SRT Hellcat
235,Challenger '22,Dodge,2022,Challenger SRT Super Stock
236,Challenger '70,Dodge,1970,Challenger R/T
237,Charger '69 FE,Dodge,1969,Charger R/T Forza Edition
238,Charger Daytona,Dodge,1969,Charger Daytona HEMI
239,Chaser GT TT '91,Toyota,1991,Chaser GT Twin Turbo
240,Cherokee '14,Jeep,2014,Grand Cherokee SRT
241,Chevelle '70,Chevrolet,1970,Chevelle Super Sport 454
242,Chevrolet ZR2,Chevrolet,2017,Colorado ZR2
243,Chevy 150 Sedan,Chevrolet,1955,150 Utility Sedan
244,Chevy Bel Air,Chevrolet,1957,Bel Air
245,Chevy Camaro '15,Chevrolet,2015,Camaro Z/28
246,Chevy Camaro '17,Chevrolet,2017,Camaro ZL1
247,Chevy Camaro '18,Chevrolet,2018,Camaro ZL1 1LE
248,Chevy Camaro '69,Chevrolet,1969,Camaro Super Sport Coupe
249,Chevy Camaro '70,Chevrolet,1970,Camaro Z28
250,Chevy Camaro '79,Chevrolet,1979,Camaro Z28
251,Chevy El Camino,Chevrolet,1970,El Camino Super Sport 454
252,Chevy Impala,Chevrolet,1964,Impala Super Sport 409
253,Chevy Impala '96,Chevrolet,1996,Impala Super Sport
254,Chevy K10 '72,Chevrolet,1972,K10 Custom
255,Chevy MonteCarlo,Chevrolet,1988,Monte Carlo Super Sport
256,Chevy Nova '66,Chevrolet,1966,Nova Super Sport
257,Chevy Nova '69,Chevrolet,1969,Nova Super Sport 396
258,Chevy Trail Boss,Chevrolet,2020,Silverado LT Trail Boss
259,Citroen BX4TC,Citroen,1986,BX4TC
260,Continental '62,Lincoln,1962,Continental
261,COPO Camaro '18,Chevrolet,2018,Hot Wheels COPO Camaro
262,Corvette '02,Chevrolet,2002,Corvette Z06
263,Corvette '09,Chevrolet,2009,Corvette ZR1
264,Corvette '15,Chevrolet,2015,Corvette Z06
265,Corvette '19,Chevrolet,2019,Corvette ZR1
266,Corvette '53 FE,Chevrolet,1953,Corvette Forza Edition
267,Corvette '60,Chevrolet,1960,Corvette
268,Corvette '67,Chevrolet,1967,Corvette Stingray 427
269,Corvette '70,Chevrolet,1970,Corvette ZR-1
270,Corvette '95,Chevrolet,1995,Corvette ZR-1
271,Corvette C8 '20,Chevrolet,2020,Corvette Stingray Coupé
272,Corvette E-Ray,Chevrolet,2024,Corvette E-Ray
273,Corvette Z06 '23,Chevrolet,2023,Corvette Z06
274,Crown Victoria,Ford,2010,Crown Victoria Police Interceptor
275,CTS-V Wagon '14,Cadillac,2014,CTS-V Wagon
276,Czinger 21C,Czinger,2024,21 C
277,Datsun 280Z,Forsberg Racing,1975,"Nissan ""Gold Leader"" Datsun 280Z"
278,Datsun 510,Datsun,1970,510
279,DaVinci,Italdesign,2019,DaVinci Concept
280,DD Tacoma TRD,DeBerti,2019,"Toyota Tacoma TRD ""The Performance Truck"""
281,Deberti F-150,DeBerti,2018,F-150 Prerunner
282,DeBerti F-250,DeBerti,2019,Ford Super Duty F-250 Lariat 'Transformer'
283,DeBerti Shop Rod,DeBerti,1961,Ford Econoline 'Shop Rod'
284,Deberti Wrangler,DeBerti,2013,Wrangler Unlimited
285,DeLorean DMC-12,DeLorean,1982,DMC-12
286,Diablo GTR,Lamborghini,1999,Diablo GTR
287,Dodge Charger '69,Dodge,1969,Charger R/T
288,Dodge Charger 15,Dodge,2015,Charger SRT Hellcat
289,Dodge Durango,Dodge,2018,Durango SRT
290,Dodge Magnum,Dodge,2008,Magnum SRT-8
291,Dodge SRT Demon,Dodge,2018,Challenger SRT Demon
292,Dodge Super Bee,Dodge,1970,Coronet Super Bee
293,Dodge Viper '08,Dodge,2008,Viper SRT10 ACR
294,Dodge Viper '13,Dodge,2013,SRT Viper GTS
295,Dodge Viper '16,Dodge,2016,Viper ACR
296,Donkervoort GTO,Donkervoort,2013,D8 GTO
297,DS 23,DS,1975,23
298,Eagle Speedster,Eagle,2012,Speedster
299,Eclipse GSX,Mitsubishi,1995,Eclipse GSX
300,Elemental Rp1,Elemental,2019,Rp1
301,Emory 356 C '64,Porsche,1960,356 C Cabriolet Emory Special
302,Espada 400GT '73,Lamborghini,1973,Espada 400 GT
303,Exocet Off-Road,Exomotive,2018,Exocet Off-Road
304,Exocet OR FE,Exomotive,2018,Exocet Off-Road Forza Edition
305,Exorcist '19,Hennessey,2019,Camaro Exorcist
306,F-150 Lightning,Ford,2022,Ford F-150 Lightning Platinum
307,F8 Tributo '20,Ferrari,2020,F8 Tributo
308,FAF 240Z,Fast and Furious,1973,Datsun 240Z 'Fast X'
309,FAF Charger,Fast and Furious,1970,Dodge Charger 'Fast X'
310,FAF Flip Car,Fast and Furious,2022,Flip Car 2.0 'Fast X'
311,FAF Hellcat,Fast and Furious,2022,Dodge Charger SRT Hellcat Redeye Widebody 'Fast X'
312,FAF Impala,Fast and Furious,1966,Chevrolet Impala Super Sport 'Fast X'
313,Fairlady Z '03,Nissan,2003,Fairlady Z
314,Fairlady Z '69,Nissan,1969,Fairlady Z 432
315,Fairlady Z '94,Nissan,1994,Fairlady Z Version S Twin Turbo
316,Fairlady Z FE,Nissan,2003,Fairlady Z Forza Edition
317,Ferrari #62 488,Ferrari,2019,#62 Risi Competizione 488 GTE
318,Ferrari 250 Cali,Ferrari,1957,250 California
319,Ferrari 250 GT,Ferrari,1962,250 GT Berlinetta Lusso
320,Ferrari 250 TR,Ferrari,1957,250 Testa Rossa
321,Ferrari 288 GTO,Ferrari,1984,288 GTO
322,Ferrari 296 GTB,Ferrari,2022,296 GTB
323,Ferrari 360 CS,Ferrari,2003,360 Challenge Stradale
324,Ferrari 365 GTB4,Ferrari,1968,365 GTB/4
325,Ferrari 430 S,Ferrari,2007,430 Scuderia
326,Ferrari 458,Ferrari,2009,458 Italia
327,Ferrari 458 S,Ferrari,2013,458 Speciale
328,Ferrari 488 GTB,Ferrari,2015,488 GTB
329,Ferrari 512 S,Ferrari,1970,512 S
330,Ferrari 512TR,Ferrari,1992,512 TR
331,Ferrari 575M,Ferrari,2002,575M Maranello
332,Ferrari 599 GTO,Ferrari,2010,599 GTO
333,Ferrari 599XX,Ferrari,2010,599XX
334,Ferrari 599XX E,Ferrari,2012,599XX Evolution
335,Ferrari 812,Ferrari,2017,812 Superfast
336,Ferrari Cali T,Ferrari,2014,California T
337,Ferrari Dino,Ferrari,1969,Dino 246 GT
338,Ferrari Enzo,Ferrari,2002,Enzo Ferrari
339,Ferrari F12tdf,Ferrari,2015,F12tdf
340,Ferrari F355,Ferrari,1994,F355 Berlinetta
341,Ferrari F40,Ferrari,1987,F40
342,Ferrari F50,Ferrari,1995,F50
343,Ferrari F50 GT,Ferrari,1996,F50 GT
344,Ferrari FXX,Ferrari,2005,FXX
345,Ferrari FXX-K E,Ferrari,2018,FXX-K Evo
346,Ferrari FXX K,Ferrari,2014,FXX K
347,Ferrari GTC4L,Ferrari,2017,GTC4Lusso
348,Ferrari J50 '17,Ferrari,2017,J50
349,Ferrari Monza,Ferrari,2019,Monza SP2
350,Ferrari Roma,Ferrari,2020,Roma
351,Fiat 124 Spider,FIAT,1980,124 Sport Spider
352,Fiat Dino,FIAT,1969,Dino 2.4 Coupe
353,Firebird '68,Pontiac,1968,Firebird
354,Firebird TA FE,Pontiac,1987,Firebird Trans Am GTA Forza Edition
355,Flying Spur '21,Bentley,2021,Flying Spur
356,Ford Anglia '59,Ford,1959,Anglia 105E
357,Ford Bronco,Ford,1975,Bronco
358,Ford Bronco '21,Ford,2021,Bronco
359,Ford Capri MkI,Ford,1973,Capri RS3100
360,Ford Cortina,Ford,1966,Lotus Cortina
361,Ford Coupe '32,Ford,1932,De Luxe Five-Window Coupe
362,Ford Coupe '40,Ford,1940,De Luxe Coupe
363,Ford Coupe FE,Ford,1932,De Luxe Five-Window Coupe Forza Edition
364,Ford Dark Horse,Ford,2024,Mustang Dark Horse
365,Ford Dually HW,Hot Wheels,1949,Ford F-5 Dually Custom Hot Rod
366,Ford Escort '73,Ford,1973,Escort RS1600
367,Ford Escort '77,Ford,1977,Escort RS1800
368,Ford Escort '92,Ford,1992,Escort RS Cosworth
369,Ford Escort RS,Ford,1986,Escort RS Turbo
370,Ford F-150 '86,Ford,1986,F-150 XLT Lariat
371,Ford Falcon '15,Ford,2015,Falcon GT F 351
372,Ford Falcon '72,Ford,1972,Falcon XA GT-HO
373,Ford Fiesta '14,Ford,2014,Fiesta ST
374,Ford Fiesta '23,Ford,2023,Fiesta ST
375,Ford Fiesta '81,Ford,1981,Fiesta XR2
376,Ford Fiesta RS,Ford,2017,M-Sport Fiesta RS
377,Ford Focus '03,Ford,2003,Focus RS
378,Ford Focus '09,Ford,2009,Focus RS
379,Ford Focus '17,Ford,2017,Focus RS
380,Ford Focus '22,Ford,2022,Focus ST
381,Ford GT '05,Ford,2005,GT
382,Ford GT '17,Ford,2017,GT
383,Ford GT40 '64,Ford,1964,GT40 MkI
384,Ford GT500 '20,Ford,2020,Mustang Shelby GT500
385,Ford GT70 '70,Ford,1970,GT70
386,Ford Lightning,Ford,2003,F-150 SVT Lightning
387,Ford Mach-E 1400,Ford,2021,Mustang Mach-E 1400
388,Ford Mustang '00,Ford,2000,SVT Cobra R
389,Ford Mustang '13,Ford,2013,Shelby GT500
390,Ford Mustang '16,Ford,2016,Shelby GT350R
391,Ford Mustang '18,Ford,2018,Mustang GT
392,Ford Mustang '24,Ford,2024,Mustang GT
393,Ford Mustang '65,Ford,1965,Mustang GT Coupe
394,Ford Mustang '69,Ford,1969,Mustang Boss 302
395,Ford Mustang '71,Ford,1971,Mustang Mach 1
396,Ford Mustang '93,Ford,1993,SVT Cobra R
397,Ford Mustang '95,Ford,1995,Mustang SVT Cobra R
398,Ford Mustang DD,DeBerti,2018,Ford Mustang GT
399,Ford Mustang S5,Ford,2018,Mustang RTR Spec 5
400,Ford Mustang SVO,Ford,1986,Mustang SVO
401,Ford Puma FE,Ford,1999,Racing Puma Forza Edition
402,Ford Racing Puma,Ford,1999,Racing Puma
403,Ford Ranger T6,Ford,2014,Ranger T6 Rally Raid
404,Ford Raptor '11,Ford,2011,F-150 SVT Raptor
405,Ford Raptor '17,Ford,2017,F-150 Raptor
406,Ford Raptor R,Ford,2023,F-150 Raptor R
407,Ford RS200,Ford,1985,RS200 Evolution
408,Ford RS500,Ford,1987,Sierra Cosworth RS500
409,Ford SD F-450,Ford,2020,Super Duty F-450 DRW Platinum
410,Ford Supervan 3,Ford,1994,Supervan 3
411,Ford Supervan 4,Ford,2022,Supervan 4
412,Ford Transit Mk1,Ford,1965,Transit
413,Ford Transit SSV,Ford,2011,Transit Supersportvan
414,Ford Ute '14,Ford,2014,FPV Limited Edition Pursuit Ute
415,Ford Wagon,Ford,1946,Super Deluxe Station Wagon
416,Ford XB Falcon,Ford,1973,XB Falcon GT
417,Formentor '22,CUPRA,2021,Formentor VZ5
418,Formula D 599,Formula Drift,2007,#117 599 GTB Fiorano
419,FR Stock Car,Forsberg Racing,2010,Toyota Gumout 2JZ Camry Stock Car
420,Funco F9,Funco Motorsports,2018,F9
421,Galant VR-4,Mitsubishi,1992,Galant VR-4
422,Gallardo Spyder,Lamborghini,2012,Gallardo LP570-4 Spyder Performante
423,Ginetta G10 RM,Ginetta,2019,G10 RM
424,GMA T.50,Gordon Murray Automotive,2022,T.50
425,GMC Syclone,GMC,1991,Syclone
426,GMC Typhoon,GMC,1992,Typhoon
427,GMC Vandura,GMC,1983,Vandura G-1500
428,GTA Spano,Spania GTA,2016,GTA Spano
429,GYMKHANA 10 Focus,Hoonigan,2016,GYMKHANA 10 Ford Focus RS RX
430,HDT VK Commodore,HDT,1985,VK Commodore Group A
431,Holden Monaro,Holden,1973,HQ Monaro GTS 350
432,Holden Sandman,Holden,1974,Sandman HQ Panel Van
433,Holden Torana,Holden,1977,Torana A9X
434,Honda Civic,Honda,2016,Civic Coupe
435,Honda Civic '04,Honda,2004,Civic Type R
436,Honda Civic '07,Honda,2007,Civic Type R
437,Honda Civic '16,Honda,2016,Civic Type R
438,Honda Civic '18,Honda,2018,Civic Type R
439,Honda Civic '74,Honda,1974,Civic RS
440,Honda Civic '84,Honda,1984,Civic CRX Mugen
441,Honda Civic '97,Honda,1997,Civic Type R
442,Honda CR-X,Honda,1991,CR-X SiR
443,Honda NSX-R '05,Honda,2005,NSX-R
444,Honda NSX-R '92,Honda,1992,NSX-R
445,Honda NSX-R GT,Honda,2005,NSX-R GT
446,Honda Prelude 94,Honda,1994,Prelude Si
447,Honda S2000 '03,Honda,2003,S2000
448,Honda S2000 '09,Honda,2009,S2000 CR
449,Honda Trophy '15,Honda,2015,Ridgeline Baja Trophy Truck
450,Hoonicorn,Hoonigan,1965,"Ford ""Hoonicorn"" Mustang"
451,Hoonicorn v2,Hoonigan,1965,Gymkhana 10 Ford Hoonicorn Mustang
452,Hoonigan Bel Air,Hoonigan,1955,Chevrolet Bel Air
453,Hoonigan Cossie,Hoonigan,1994,"Ford Escort RS Cosworth WRC ""Cossie V2"""
454,Hoonigan Escort,Hoonigan,1978,Ford Escort RS1800
455,Hoonigan F-150,Hoonigan,1977,Gymkhana 10 Ford F-150 'Hoonitruck'
456,Hoonigan Focus,Hoonigan,2016,GYMKHANA 9 Ford Focus RS RX
457,Hoonigan Group A,Hoonigan,1991,Gymkhana 10 Ford Escort Cosworth Group A
458,Hoonigan Nova,Hoonigan,1972,Chevrolet Napalm Nova
459,Hoonigan Porsche,Hoonigan,1991,Rauh-Welt Begriff Porsche 911 Turbo
460,Hoonigan RS200,Hoonigan,1986,Ford RS200 Evolution
461,Hoonigan Scumbug,Hoonigan,1973,Volkswagen Baja Beetle Class 5/1600 'Scumbug'
462,Hot Wheels BTTB,Hot Wheels,2012,Bad to the Blade
463,Hot Wheels Deora,Hot Wheels,2000,Deora II
464,Hot Wheels Metro,Hot Wheels,1957,Nash Metropolitan Custom
465,HSV GEN-F GTS,HSV,2014,GEN-F GTS
466,HSV Maloo '14,HSV,2014,Limited Edition Gen-F GTS Maloo
467,Huayra R '22,Pagani,2022,Huayra R
468,HUMMER EV Truck,GMC,2022,HUMMER EV Pickup
469,HUMMER H1,HUMMER,2006,H1 Alpha
470,Huracán EVO,Lamborghini,2020,Huracán EVO
471,Huracán STO,Lamborghini,2020,Huracán STO
472,Huracán Tecnica,Lamborghini,2023,Huracán Tecnica
473,HW Ford Mustang,Hot Wheels,2005,Ford Mustang
474,HW Trans Am,Hot Wheels,1970,Pontiac Firebird Trans Am Custom
475,Hyundai i30 N,Hyundai,2020,i30 N
476,Hyundai Kona '22,Hyundai,2022,KONA N
477,ID Zerouno '18,Italdesign,2018,Zerouno
478,IH Scout 800A,International,1970,Scout 800A
479,Infiniti Q60,Infiniti,2015,Q60 Concept
480,IONIQ 5 N '23,Hyundai,2023,IONIQ 5 N
481,IONIQ 6 '22,Hyundai,2022,IONIQ 6
482,Jag F-TYPE SVR,Jaguar,2020,F-TYPE SVR
483,Jag. XE P8 '19,Jaguar,2019,XE SV Project 8
484,Jaguar C-Type,Jaguar,1953,C-Type
485,Jaguar C-X75,Jaguar,2010,C-X75
486,Jaguar D-Type,Jaguar,1956,D-Type
487,Jaguar E-type,Jaguar,1961,E-type
488,Jaguar F-PACE S,Jaguar,2017,F-PACE S
489,Jaguar F-TYPE,Jaguar,2015,F-TYPE R Coupé
490,Jaguar I-PACE,Jaguar,2018,I-PACE
491,Jaguar LW E-Type,Jaguar,1964,Lightweight E-Type
492,Jaguar Mk II 3.8,Jaguar,1959,Mk II 3.8
493,Jaguar Project 7,Jaguar,2016,F-TYPE Project 7
494,Jaguar XE-S,Jaguar,2015,XE-S
495,Jaguar XFR-S,Jaguar,2015,XFR-S
496,Jaguar XJ13,Jaguar,1966,XJ13
497,Jaguar XJ220,Jaguar,1993,XJ220
498,Jaguar XJ220S,Jaguar,1993,XJ220S TWR
499,Jaguar XKR-S '12,Jaguar,2012,XKR-S
500,Jaguar XKR-S '15,Jaguar,2015,XKR-S GT
501,Jeep CJ5,Jeep,1976,CJ5 Renegade
502,Jeep Gladiator,Jeep,2020,Gladiator Rubicon
503,Jeep Trackhawk,Jeep,2018,Grand Cherokee Trackhawk
504,Jeep Trailcat,Jeep,2016,Trailcat
505,Jeep Wrangler,Jeep,2012,Wrangler Rubicon
506,Jeep Wrangler JP,Universal Studios,1992,Jeep Wrangler Sahara 'Jurassic Park'
507,K.I.T.T.,Universal Studios,1982,K.I.T.T.
508,KIA EV6 GT '23,KIA,2023,EV6 GT
509,Koenigsegg Agera,Koenigsegg,2011,Agera
510,Koenigsegg CC8S,Koenigsegg,2002,CC8S
511,Koenigsegg CCGT,Koenigsegg,2008,CCGT
512,Koenigsegg CCX,Koenigsegg,2006,CCX
513,Koenigsegg Jesko,Koenigsegg,2020,Jesko
514,Koenigsegg One,Koenigsegg,2015,One:1
515,KTM X-Bow,KTM,2013,X-Bow R
516,KTM X-Bow GT4,KTM,2018,X-Bow GT4
517,L. Aventador '21,Lamborghini,2021,Aventador
518,L. Countach '21,Lamborghini,2021,Countach
519,LaFerrari,Ferrari,2013,LaFerrari
520,Lambo Centenario,Lamborghini,2016,Centenario LP 770-4
521,Lambo Countach,Lamborghini,1988,Countach LP5000 QV
522,Lambo Diablo SV,Lamborghini,1997,Diablo SV
523,Lambo Gallardo,Lamborghini,2011,Gallardo LP 570-4 Superleggera
524,Lambo Huracán,Lamborghini,2014,Huracán LP 610-4
525,Lambo Huracán P,Lamborghini,2018,Huracán Performante
526,Lambo LM 002,Lamborghini,1986,LM 002
527,Lambo Miura,Lamborghini,1967,Miura P400
528,Lambo Murciélago,Lamborghini,2010,Murciélago LP 670-4 SV
529,Lambo Reventón,Lamborghini,2008,Reventón
530,Lambo SC20,Lamborghini,2020,SC20
531,Lambo SCV12,Lamborghini,2020,Essenza SCV12
532,Lambo Sesto,Lamborghini,2011,Sesto Elemento
533,Lambo Sesto FE,Lamborghini,2011,Sesto Elemento Forza Edition
534,Lambo Sián R,Lamborghini,2020,Sián Roadster
535,Lambo Veneno,Lamborghini,2013,Veneno
536,Lancer GSR '08,Mitsubishi,2008,Lancer Evolution X GSR
537,Lancer GSR '99,Mitsubishi,1999,Lancer Evolution VI GSR
538,Lancer GSR WP,Mitsubishi,2008,"Lancer Evolution X GSR ""Welcome Pack"""
539,Lancer MR '04,Mitsubishi,2004,Lancer Evolution VIII MR
540,Lancer MR '06,Mitsubishi,2006,Lancer Evolution IX MR
541,Lancia 037,Lancia,1982,037 Stradale
542,Lancia Delta,Lancia,1992,Delta HF Integrale EVO
543,Lancia Delta S4,Lancia,1986,Delta S4
544,Lancia Fulvia,Lancia,1968,Fulvia Coupé Rallye 1.6 HF
545,Lancia Stratos,Lancia,1974,Stratos HF Stradale
546,Land Rover Velar,Land Rover,2018,Range Rover Velar First Edition
547,Lexus #14 RC F,Lexus,2020,#14 VASSER SULLIVAN RC F GT3
548,Lexus LC 500 '21,Lexus,2021,LC 500
549,Lexus LFA,Lexus,2010,LFA
550,Lexus RC F,Lexus,2015,RC F
551,Lexus RC F '20,Lexus,2020,RC F Track Edition
552,Lexus SC300,Lexus,1997,SC300
553,Lotus 2-Eleven,Lotus,2009,2-Eleven
554,Lotus 3-Eleven,Lotus,2016,3-Eleven
555,Lotus 340R,Lotus,2000,340R
556,Lotus Elan,Lotus,1971,Elan Sprint
557,Lotus Elise '99,Lotus,1999,Elise Series 1 Sport 190
558,Lotus Elise GT1,Lotus,1997,Elise GT1
559,Lotus Emira,Lotus,2023,Emira
560,Lotus Esprit,Lotus,2002,Esprit V8
561,Lotus Esprit '80,Lotus,1980,Esprit
562,Lotus Evija '20,Lotus,2020,Evija
563,Lotus Exige S,Lotus,2012,Exige S
564,LR Defender,Land Rover,1997,Defender 90
565,LR Defender '20,Land Rover,2020,Defender 110 X
566,LR Series III,Land Rover,1972,Series III
567,Lucid Air,Lucid,2023,Air Sapphire
568,Lykan HyperSport,W Motors,2016,Lykan HyperSport
569,Lynk & Co 02 HB,Lynk & Co,2022,02 Hatchback
570,Lynk & Co 03+,Lynk & Co,2021,03+
571,Lynk & Co 05+,Lynk & Co,2022,05+
572,M-AMG GT3,Mercedes-AMG,2018,GT3
573,M-AMG SL 63 '21,Mercedes-AMG,2021,SL 63
574,M-B 190E,Mercedes-Benz,1990,190E 2.5-16 Evolution II
575,M-B 280 SL,Mercedes-Benz,1967,280 SL
576,M-B 300 SLR,Mercedes-Benz,1955,300 SLR
577,M-B 300SL,Mercedes-Benz,1954,300 SL Coupé
578,M-B 500 E,Mercedes-Benz,1992,500 E
579,M-B A45,Mercedes-Benz,2013,A 45 AMG
580,M-B AMG C 63 '16,Mercedes-AMG,2016,C 63 S Coupé
581,M-B AMG GT,Mercedes-AMG,2015,GT S
582,M-B AMG GTR,Mercedes-AMG,2017,GT R
583,M-B C63,Mercedes-Benz,2012,C 63 AMG Coupé Black Series
584,M-B CLK-GTR,Mercedes-Benz,1998,AMG CLK GTR
585,M-B CLK-GTR FE,Mercedes-Benz,1998,AMG CLK GTR Forza Edition
586,M-B E 55 AMG,Mercedes-Benz,,
587,M-B E63,Mercedes-Benz,2013,E 63 AMG
588,M-B G 63 6x6,Mercedes-Benz,2014,G 63 AMG 6x6
589,M-B G 65,Mercedes-Benz,2013,G 65 AMG
590,M-B GT 4 '18,Mercedes-AMG,2018,GT 4-Door Coupé
591,M-B SL65,Mercedes-Benz,2009,SL 65 AMG Black Series
592,M-B SLK,Mercedes-Benz,2012,SLK 55 AMG
593,M-B SLS AMG,Mercedes-Benz,2011,SLS AMG
594,M-B SSK,Mercedes-Benz,1929,SSK
595,M-B Unimog,Mercedes-Benz,2014,Unimog U5023
596,M-B W154,Mercedes-Benz,1939,W154
597,M-B X-Class,Mercedes-Benz,2018,X-Class
598,M12S Warthog CST,AMG Transport Dynamics,2554,M12S Warthog CST
599,Macan Turbo '19,Porsche,2019,Macan Turbo
600,Maserati 8CTF,Maserati,1939,8CTF
601,Maserati GT-S,Maserati,2010,Gran Turismo S
602,Maserati GTS FE,Maserati,2010,Gran Turismo S Forza Edition
603,Maserati Levante,Maserati,2017,Levante S
604,Mazda 323 GT-R,Mazda,1992,323 GT-R
605,Mazda MX-5 '05,Mazda,2005,Mazdaspeed MX-5
606,Mazda MX-5 '13,Mazda,2013,MX-5
607,Mazda MX-5 '16,Mazda,2016,MX-5
608,Mazda MX-5 '94,Mazda,1994,MX-5 Miata
609,Mazda MX-5 RF,Mazda,2022,MX-5 Miata RF
610,Mazda RX-7 '90,Mazda,1990,Savanna RX-7
611,Mazda RX-7 '97,Mazda,1997,RX-7
612,Mazda RX-8,Mazda,2011,RX-8 R3
613,MC12 Corsa '08,Maserati,2008,MC12 Versione Corsa
614,McL. Artura '23,McLaren,2023,Artura
615,McL. Sabre '21,McLaren,2021,Sabre
616,McLaren 12C,McLaren,2011,12C Coupé
617,McLaren 570S,McLaren,2015,570S Coupé
618,McLaren 600LT,McLaren,2018,600LT Coupé
619,McLaren 620R,McLaren,2021,620R
620,McLaren 650S,McLaren,2015,650S Coupé
621,McLaren 720S,McLaren,2018,720S Coupé
622,McLaren 765LT,McLaren,2021,765LT Coupe
623,McLaren F1,McLaren,1993,F1
624,McLaren F1 GT,McLaren,1997,F1 GT
625,McLaren GT,McLaren,2020,GT
626,McLaren P1,McLaren,2013,P1
627,McLaren Senna,McLaren,2018,Senna
628,MEGANE R.S. '18,Renault,2018,MEGANE R.S.
629,Mégane R26.R,Renault,2008,Mégane R26.R
630,Megane RS 250,Renault,2010,Megane RS 250
631,Mercedes-AMG E63,Mercedes-AMG,2018,E 63 S
632,Mercedes-AMG ONE,Mercedes-AMG,2021,Mercedes-AMG ONE
633,Mercury Cyclone,Mercury,1970,Cyclone Spoiler
634,Meyers Manx,Meyers,1971,Manx
635,Meyers Manx 2.0,Meyers,2023,Manx 2.0 EV
636,Meyers Manx FE,Meyers,1971,Manx Forza Edition
637,MG Cyberster,MG,2023,Cyberster
638,MG Metro 6R4,MG,1986,Metro 6R4
639,MG MG3,MG,2015,MG3
640,MG MG7,MG,2023,MG7
641,MG SV-R '05,MG,2005,XPower SV-R
642,MG6 XPower,MG,2021,MG6 XPower
643,MINI '65,MINI,1965,Cooper S
644,MINI '65 FE,MINI,1965,Cooper S Forza Edition
645,MINI Countryman,MINI,2018,John Cooper Works Countryman All4
646,MINI JCW '09,MINI,2009,John Cooper Works
647,MINI JCW '12,MINI,2012,John Cooper Works GP
648,MINI JCW Buggy,MINI,2018,X-Raid John Cooper Works Buggy
649,MINI JCW GP '21,MINI,2021,John Cooper Works GP
650,MINI X-Raid,MINI,2013,X-Raid All4 Racing Countryman
651,Mit. Evo III '95,Mitsubishi,1995,Lancer Evolution III GSR
652,Mitsubishi FTO,Mitsubishi,1998,FTO GP Version R
653,Mitsubishi GTO,Mitsubishi,1997,GTO
654,Montero Evo,Mitsubishi,1997,Montero Evolution
655,Morgan 3 Wheeler,Morgan,2014,3 Wheeler
656,Morgan Aero GT,Morgan,2019,Aero GT
657,Morris Minor,Morris,1953,Minor 1000
658,Morris Minor FE,Morris,1953,Minor 1000 Forza Edition
659,Morris Traveler,Morris,1953,Minor Series II Traveler
660,Morris Traveller,Morris,1965,Mini-Traveller
661,Mosler MT900 GT3,Mosler,2006,MT900 GT3
662,Mosler MT900S,Mosler,2010,MT900S
663,Mustang SVT '03,Ford,2003,Mustang SVT Cobra
664,N Vision 74 '22,Nissan,2022,N Vision 74
665,N. Stagea '97,Nissan,1997,Stagea RS Four V
666,Napier Railton,Napier,1933,Napier-Railton
667,NIO EP9,NIO,2016,EP9
668,Nissan 240SX,Nissan,1993,240SX SE
669,Nissan 370Z,Nissan,2010,370Z
670,Nissan 370Z '19,Nissan,2019,370Z Nismo
671,Nissan GT-R '02,Nissan,2002,Skyline GT-R V-Spec II
672,Nissan GT-R '12,Nissan,2012,GT-R Black Edition (R35)
673,Nissan GT-R '17,Nissan,2017,GT-R (R35)
674,Nissan GT-R '71,Nissan,1971,Skyline 2000GT-R
675,Nissan GT-R '73,Nissan,1973,Skyline H/T 2000GT-R
676,Nissan GT-R '93,Nissan,1993,Skyline GT-R V-Spec
677,Nissan GT-R '95,Nissan,1995,Nismo GT-R LM
678,Nissan GT-R '97,Nissan,1997,Skyline GT-R V-Spec
679,Nissan GTR '20,Nissan,2020,GT-R Nismo (R35)
680,Nissan GTS-R '87,Nissan,1987,Skyline GTS-R (HR31)
681,Nissan Pulsar,Nissan,1990,Pulsar GTI-R
682,Nissan R390,Nissan,1998,R390 (GT1)
683,Nissan Safari,Nissan,1985,Safari Turbo
684,Nissan Sentra,Nissan,2018,Sentra NISMO
685,Nissan TITAN,Nissan,2016,TITAN Warrior Concept
686,Nissan Tsuru '10,Nissan,2010,Tsuru
687,Nissan Z '23,Nissan,2023,Z
688,Noble M400,Noble,2006,M400
689,Noble M600,Noble,2010,M600
690,Opel Manta 400,Opel,1984,Manta 400
691,P. 911 GT3 RS 23,Porsche,2023,911 GT3 RS
692,P. 911 Rallye,Porsche,2023,911 Rallye
693,Pagani Huayra,Pagani,2012,Huayra
694,Pagani Huayra BC,Pagani,2016,Huayra BC
695,Pagani Huayra FE,Pagani,2016,Huayra BC Forza Edition
696,Pagani Zonda C,Pagani,2009,Zonda Cinque Roadster
697,Pagani Zonda R,Pagani,2010,Zonda R
698,Peel P50,Peel,1962,P50
699,Peel Trident,Peel,1965,Trident
700,Penhall Cholla,Penhall,2011,The Cholla
701,Peugeot 205 R,Peugeot,1991,205 Rallye
702,Peugeot 205 T16,Peugeot,1984,205 Turbo 16
703,Peugeot 207 S,Peugeot,2007,207 Super 2000
704,Plymouth Cuda,Plymouth,1971,Cuda 426 HEMI
705,Plymouth Fury,Plymouth,1958,Fury
706,Polaris RZR Pro,Polaris,2021,RZR Pro XP Ultimate
707,Pontiac GTO '65,Pontiac,1965,GTO
708,Pontiac GTO '69,Pontiac,1969,GTO Judge
709,Pontiac T/A '73,Pontiac,1973,Firebird Trans Am SD-455
710,Pontiac T/A '77,Pontiac,1977,Firebird Trans Am
711,Pontiac T/A '87,Pontiac,1987,Firebird Trans Am GTA
712,Porsche 356 '59,Porsche,1959,356 A 1600 Super
713,Porsche 356 SL,Porsche,1951,#46 356 SL Gmünd Coupe
714,Porsche 550,Porsche,1955,550A Spyder
715,Porsche 718 GTS,Porsche,2018,718 Cayman GTS
716,Porsche 906 '66,Porsche,1966,906 Carrera 6
717,Porsche 911 '19,Porsche,2019,911 Carrera S
718,Porsche 911 '90,Porsche,1990,911 Reimagined by Singer - DLS
719,Porsche 911 GT1,Porsche,1998,911 GT1 Strassenversion
720,Porsche 911 SC,Porsche,2010,911 Sport Classic
721,Porsche 911C2 GW,Porsche,1995,911 Carrera 2 by Gunther Werks
722,Porsche 914/6,Porsche,1970,914/6
723,Porsche 917 LH,Porsche,1970,#3 917 LH
724,Porsche 918,Porsche,2014,918 Spyder
725,Porsche 944,Porsche,1989,944 Turbo
726,Porsche 959,Porsche,1987,959
727,Porsche 968,Porsche,1993,968 Turbo S
728,Porsche Carrera,Porsche,2003,Carrera GT
729,Porsche Cayenne,Porsche,2018,Cayenne Turbo
730,Porsche Cayman,Porsche,2015,Cayman GTS
731,Porsche Cayman,Porsche,2016,Cayman GT4
732,Porsche GT3 R,Porsche,2018,911 GT3 R
733,Porsche Macan RR,Porsche,2018,Macan LPR Rally Raid
734,Porsche MissionR,Porsche,2022,Mission R
735,Porsche Panamera,Porsche,2017,Panamera Turbo
736,Porsche Taycan S,Porsche,2020,Taycan Turbo S
737,Portofino '18,Ferrari,2018,Portofino
738,Pro Stock Camaro,Chevrolet,2013,Summit Racing Pro Stock Camaro
739,Radical RXC,Radical,2015,RXC Turbo
740,RAESR TS '19,RAESR,2019,Tachyon Speed
741,Rally Fighter,Local Motors,2014,Rally Fighter
742,RAM Power Wagon,Ram,2017,2500 Power Wagon
743,Range Rover '15,Land Rover,2015,Range Rover Sport SVR
744,Range Rover '73,Land Rover,1973,Range Rover
745,Ranger Raptor,Ford,2019,Ranger Raptor
746,Regera,Koenigsegg,2016,Regera
747,Reliant Supervan,Reliant,1972,Supervan III
748,Renault 5 Turbo,Renault,1980,5 Turbo
749,Renault 8,Renault,1967,8 Gordini
750,Renault Clio '10,Renault,2010,Clio R.S.
751,Renault Clio '13,Renault,2013,Clio R.S. 200 EDC
752,Renault Clio '16,Renault,2016,Clio R.S. 16 Concept
753,Renault Clio '93,Renault,1993,Clio Williams
754,Rimac Concept 2,Rimac,2019,Concept Two
755,Rimac Nevera,Rimac,2021,Nevera
756,Rip Rod,Hot Wheels,2012,Rip Rod
757,Rivian R1S,Rivian,2022,R1S
758,Rivian R1T,Rivian,2022,R1T
759,Rossion Q1,Rossion,2010,Q1
760,RS 4 Avant '18,Audi,2018,RS 4 Avant
761,RX-7 Spirit R,Mazda,2002,RX-7 Spirit R Type-A
762,RZR 1000,Polaris,2015,RZR XP 1000 EPS
763,RZR Racing,Polaris,2021,RZR Pro XP Factory Racing Limited
764,Saleen S1 '18,Saleen,2018,S1
765,Saleen S7,Saleen,2004,S7
766,Saleen S7 LM,Saleen,2017,S7 LM
767,Schuppan 962CR,Schuppan,1993,962CR
768,SF90 Stradale,Ferrari,2020,SF90 Stradale
769,Shelby Cobra 427,Shelby,1965,Cobra 427 S/C
770,Shelby Daytona,Shelby,1965,Cobra Daytona Coupe
771,Shelby GT500 '67,Shelby,1967,GT 500
772,SIERRA 700R,SIERRA Cars,2021,700R
773,SIERRA RX3,SIERRA Cars,2021,RX3
774,Silverado DD,DeBerti,2018,Chevrolet Silverado 1500 Drift Truck
775,Silvia '00,Nissan,2000,Silvia Spec-R
776,Silvia '92,Nissan,1992,Silvia CLUB K's
777,Silvia '94,Nissan,1994,Silvia K's
778,Silvia '98,Nissan,1998,Silvia K's AERO
779,Soarer '97,Toyota,1997,Soarer 2.5 GT-T
780,Speedtail '19,McLaren,2019,Speedtail
781,Sportruck XR,Saleen,2020,Sportruck XR Black Label
782,Sports 800 '65,Toyota,1965,Sports 800
783,Sprite MkI,Austin-Healey,1958,Sprite MkI
784,SRT Durango '21,Dodge,2021,Durango SRT Hellcat
785,Starion ESI-R,Mitsubishi,1988,Starion ESI-R
786,Subaru 22B,Subaru,1998,Impreza 22B-STi Version
787,Subaru Brat,Subaru,1980,Brat GL
788,Subaru BRZ,Subaru,2013,BRZ
789,Subaru BRZ '22,Subaru,2022,BRZ
790,Subaru Legacy RS,Subaru,1990,Legacy RS
791,Subaru STI ARX,Subaru,2018,WRX STI ARX Supercar
792,Subaru STI S209,Subaru,2019,STI S209
793,Subaru SVX,Subaru,1996,SVX
794,Subaru WRX '04,Subaru,2004,Impreza WRX STi
795,Subaru WRX '05,Subaru,2005,Impreza WRX STi
796,Subaru WRX '08,Subaru,2008,Impreza WRX STI
797,Subaru WRX '11,Subaru,2011,WRX STI
798,Subaru WRX '15,Subaru,2015,WRX STI
799,Subaru WRX '22,Subaru,2022,WRX
800,Supervan 3 DME,Ford,1994,Supervan 3 Donut Media Edition
801,Supra '98 WP,Toyota,1998,"Supra RZ ""Welcome Pack"""
802,Tavascan '22,CUPRA,2022,Tavascan Concept
803,Taycan CT '23,Porsche,2023,Taycan Cross Turismo Turbo S
804,Taycan S WP,Porsche,2020,"Taycan Turbo S ""Welcome Pack"""
805,Toronado '66,Oldsmobile,1966,Toronado
806,Toyota 2000GT,Toyota,1969,2000GT
807,Toyota 4Runner,Toyota,2019,4Runner TRD Pro
808,Toyota 86,Toyota,2013,86
809,Toyota AT37,Toyota,2016,Land Cruiser Arctic Trucks AT37
810,Toyota AT38,Toyota,2007,Hilux Arctic Trucks AT38
811,Toyota Camry '23,Toyota,2023,Camry TRD
812,Toyota Celica'03,Toyota,2003,Celica SS-I
813,Toyota Celica'74,Toyota,1974,Celica GT
814,Toyota Celica'92,Toyota,1992,Celica GT-Four RC ST185
815,Toyota Celica'94,Toyota,1994,Celica GT-Four ST205
816,Toyota FJ40,Toyota,1979,FJ40
817,Toyota GR Yaris,Toyota,2021,GR Yaris
818,Toyota GR86 '22,Toyota,2022,GR86
819,Toyota MR2 '89,Toyota,1989,MR2 SC
820,Toyota MR2 '95,Toyota,1995,MR2 GT
821,Toyota Sera '91,Toyota,1991,Sera
822,Toyota Supra '20,Toyota,2020,GR Supra
823,Toyota Supra '92,Toyota,1992,Supra 2.0 GT
824,Toyota Supra '98,Toyota,1998,Supra RZ
825,Toyota Tacoma,Toyota,2019,Tacoma TRD Pro
826,Toyota Trueno,Toyota,1985,Sprinter Trueno GT Apex
827,Toyota Tundra,Toyota,2020,Tundra TRD Pro
828,TVR Griffith,TVR,2018,Griffith
829,TVR Sagaris,TVR,2005,Sagaris
830,TVR Speed 12,TVR,1998,Cerbera Speed 12
831,Twerkstallion,Hoonigan,1992,Mazda RX-7 Twerkstallion
832,Twin Mill,Hot Wheels,1969,Twin Mill
833,Ultima 1020,Ultima,2015,Evolution Coupe 1020
834,UrbanRebel '22,CUPRA,2022,UrbanRebel Concept
835,Urus '19,Lamborghini,2019,Urus
836,Valhalla Concept,Aston Martin,2019,Valhalla Concept Car
837,Vantage S '13,Aston Martin,2013,V12 Vantage S
838,Vaux Carlton,Vauxhall,1990,Lotus Carlton
839,VauxCorsa '16,Vauxhall,2016,Corsa VXR
840,Vauxhall Monaro,Vauxhall,2005,Monaro VXR
841,VelociRaptor '19,Hennessey,2019,VelociRaptor 6x6
842,Veloster N,Hyundai,2019,Veloster N
843,Venom F5,Hennessey,2021,Venom F5
844,Venom GT,Hennessey,2012,Venom GT
845,Viper '13 AE,Dodge,2013,SRT Viper GTS Anniversary Edition
846,Volvo 242 Turbo,Volvo,1983,242 Turbo Evolution
847,Volvo 850,Volvo,1997,850 R
848,Volvo C30P,Volvo,2013,C30 Polestar
849,Volvo V60,Volvo,2015,V60 Polestar
850,VUHL 05RR,VUHL,2017,05RR
851,VW Class 5 Bug,Volkswagen,1969,Class 5/1600 Baja Bug
852,VW Corrado,Volkswagen,1995,Corrado VR6
853,VW Doka '66,Volkswagen,1966,Double Cab Pick-Up
854,VW Golf '03,Volkswagen,2003,Golf R32
855,VW Golf '92,Volkswagen,1992,Golf Gti 16v Mk2
856,VW Golf '98,Volkswagen,1998,GTI VR6 Mk3
857,VW Golf GTI '83,Volkswagen,1983,Golf GTI
858,VW Golf R '10,Volkswagen,2010,Golf R
859,VW Golf R '14,Volkswagen,2014,Golf R
860,VW Golf R '21,Volkswagen,2021,Golf R
861,VW Golf R '22,Volkswagen,2022,Golf R
862,VW ID.4 '21,Volkswagen,2021,ID.4
863,VW Pickup '82,Volkswagen,1982,Pickup LX
864,VW Santana '12,Volkswagen,2012,Santana
865,VW Scirocco '11,Volkswagen,2011,Scirocco R
866,VW Scirocco '81,Volkswagen,1981,Scirocco S
867,VT SP-2 '76,Volkswagen,1976,SP-2
868,VW Thing '73,Volkswagen,1973,Thing
869,VW Type 2,Volkswagen,1963,Type 2 De Luxe
870,Willys Jeep,Willys,1945,MB Jeep
871,Wuling Mini EV,Wuling,2022,Hongguang Mini EV Macaron
872,Wuling Sunshine,Wuling,2013,Sunshine S
873,X-Bow GT2,KTM,2020,X-Bow GT2
874,Xpeng P7,Xpeng,2020,P7
875,Z Nismo '24,Nissan,2024,Z NISMO
876,Zenvo ST1,Zenvo,2016,ST1
877,Zenvo TSR-S,Zenvo,2019,TSR-S
878,Zonda Oreo,Pagani,2009,Zonda Cinque Roadster 'Oreo Edition'